SampleID,FerrogramNumber,DilutionFactor,NormalRubbing,SevereWearSliding,SevereWearFatigue,CuttingPart,LaminarPart,Spheres,DarkMetalloOde,RedOde,CorrosiveWearPart,NonFerrousMetal,NonMetallicInorganic,BirefringentOrganic,NonMetallicAmporphous,FrictionPolymers,Fibers,Other,OtherText,CsdrdJdgWearSit,Comments,Magnification
1289,1289f-94,3:2,200,0,200,0,20,0,0,20,0,100,50,0,0,0,20,0,NULL,1,NULL,NULL
1297,1297f-94,3:2,100,0,100,0,20,0,0,50,0,100,100,0,0,750,0,0,NULL,1,slightly brown discolored friction unkown polymers,NULL
1314,1314f-94,3:2,100,0,100,30,50,0,0,20,0,0,200,0,0,130,50,0,NULL,1,NULL,NULL
1316,1316f-94,3:2,350,0,100,100,100,0,0,0,0,200,100,0,0,170,170,0,NULL,1,NULL,NULL
1320,1320f-94,3:2,750,0,0,200,200,0,0,0,0,200,0,0,0,200,50,0,NULL,2,NULL,NULL
1321,1321f-94,3:2,100,0,0,0,0,0,0,20,0,0,50,0,0,20,20,0,NULL,1,NULL,NULL
1326,1326f-94,3:2,20,0,20,20,20,0,20,0,0,0,20,0,0,20,20,0,NULL,1,NULL,NULL
1332,1332f-94,3:2,200,0,200,0,170,0,170,170,0,0,0,0,0,170,0,0,NULL,2,NULL,NULL
1346,1346f-94,3:2,200,200,200,0,50,0,0,50,0,170,100,0,0,100,0,0,NULL,1,NULL,NULL
1351,1351f-94,3:2,170,0,170,0,0,0,170,170,0,170,170,0,0,0,50,0,NULL,2,NULL,NULL
1353,1353f-94,3:2,170,0,200,170,0,0,170,0,0,350,0,0,0,200,50,0,NULL,2,NULL,NULL
1355,1355f-94,3:2,1000,0,0,0,0,0,0,20,0,0,20,0,0,20,0,0,NULL,2,very high normal wear size particles,NULL
1359,1359f-94,3:2,20,0,0,0,0,0,0,750,0,0,750,0,0,100,100,0,NULL,2,high rust,NULL
1360,1360f-94,3:2,50,0,50,20,0,0,0,1000,0,350,1000,0,0,200,0,0,NULL,2,high rust,NULL
1361,1361f-94,3:2,170,0,170,0,50,0,0,0,0,200,130,0,0,200,0,0,NULL,1,NULL,NULL
1362,1362f-94,3:2,170,0,30,0,0,0,170,130,0,0,0,0,0,170,30,0,NULL,1,NULL,NULL
1392,1392f-94,3:2,500,0,0,0,0,0,100,100,0,0,0,0,0,200,50,0,NULL,2,heavy normal rubbing wear,NULL
1414,1414f-94,3:2,30,30,0,0,0,0,0,30,0,0,0,30,0,30,20,0,NULL,1,NULL,NULL
1425,1425f-94,3:2,200,0,170,170,0,0,0,0,0,350,0,0,0,200,50,0,NULL,2,possible residue from rebiuld,NULL
1428,1428f-94,3:2,170,50,200,0,200,0,0,30,0,30,0,0,0,30,0,0,NULL,1,NULL,NULL
1434,1434f-94,3:2,40,0,40,0,0,0,0,0,0,0,0,0,0,0,7,0,NULL,1,NULL,NULL
1440,1440f-94,3:2,200,0,40,0,0,0,200,200,0,0,200,0,0,0,30,0,NULL,1,NULL,NULL
1441,1441f-94,1:10,750,0,130,0,0,0,130,30,0,0,0,0,0,0,0,0,NULL,3,sample cut 10-1   high rubbing wear,NULL
1446,1446f-94,1:10,1000,0,500,50,200,0,0,50,0,0,0,0,0,0,50,0,NULL,3,dilution 10:1  high rubbing wear,NULL
1448,1448f-94,3:2,350,200,200,50,100,0,100,0,0,0,0,0,0,200,0,0,NULL,2,NULL,NULL
1457,1457f-94,3:2,170,50,50,50,50,0,50,50,0,50,50,0,0,50,0,0,NULL,1,NULL,NULL
1458,1458f-94,3:2,1000,0,200,0,0,0,0,0,0,0,0,0,0,0,0,0,NULL,3,heavy normal rubbing wear,NULL
1464,1464f-97,3:2,170,50,50,0,50,0,0,100,0,100,170,0,0,170,40,0,NULL,1,NULL,NULL
1466,1466f-94,3:2,100,0,40,0,0,0,0,0,0,0,40,0,0,40,0,0,NULL,1,NULL,NULL
1472,1472f-94,3:2,200,0,100,0,0,0,0,0,0,100,0,0,0,0,0,0,NULL,1,NULL,NULL
1482,1482f-94,3:2,20,0,20,0,0,0,0,20,0,0,20,0,0,20,20,0,NULL,1,NULL,NULL
1485,1485f-94,3:2,170,0,170,0,0,0,0,170,0,0,170,0,0,170,170,0,NULL,1,NULL,NULL
1490,1490f-94,3:2,50,0,0,0,0,0,0,0,0,0,50,0,0,100,50,0,NULL,1,NULL,NULL
1491,1491f-94,3:2,50,0,0,0,0,0,0,100,0,0,350,0,0,50,50,0,NULL,1,"high fe on spec from rust, grey oxide particles",NULL
1502,1502f-94,3:2,750,0,750,500,170,0,0,0,0,750,200,0,0,130,30,0,NULL,3,NULL,NULL
1505,1505f-94,3:2,350,0,0,50,50,0,0,200,0,0,200,0,0,350,50,0,NULL,2,NULL,NULL
1512,1512f-94,3:2,200,0,170,50,0,0,200,0,0,0,50,0,0,50,50,0,NULL,2,NULL,NULL
1513,1513f-94,3:2,170,0,30,0,0,0,130,0,0,0,0,0,0,130,20,0,NULL,1,NULL,NULL
1515,1515f-94,3:2,170,0,170,0,0,0,200,40,0,0,0,0,0,100,0,0,NULL,1,NULL,NULL
1516,1516f-94,3:2,750,0,200,100,130,0,130,0,0,200,50,0,0,50,0,0,NULL,2,heavy normal size rubbing wear,NULL
1522,1522f-94,3:2,750,0,0,0,50,0,0,1000,0,0,100,0,0,170,50,0,NULL,2,heavy rust,NULL
1533,1533F-94,3:2,100,0,0,20,20,0,20,0,0,20,100,0,0,130,130,0,NULL,1,NULL,NULL
1534,1534F-94,3:2,50,0,0,0,0,0,100,0,0,0,50,0,0,50,50,0,NULL,1,NULL,NULL
1541,1541f-94,3:2,30,0,0,0,20,0,0,0,0,0,0,0,0,20,10,0,NULL,1,NULL,NULL
1543,1543f-94,3:2,750,0,200,0,50,0,0,0,0,0,0,0,0,170,50,0,NULL,2,NULL,NULL
1555,1555f-94,3:2,100,0,0,0,100,0,0,0,0,0,100,0,0,350,100,0,NULL,1,NULL,NULL
1558,1558F-94,3:2,100,0,50,0,50,0,0,0,0,170,50,0,0,50,50,0,NULL,1,NULL,NULL
1559,1559F-94,3:2,50,0,0,0,0,0,0,40,0,0,0,0,0,40,0,0,NULL,1,also looked at filter residue - nothing  detected,NULL
1564,1564f-94,3:2,50,0,0,0,0,0,0,30,0,0,0,0,0,30,20,0,NULL,1,NULL,NULL
1565,1565f-94,3:2,170,50,130,20,0,0,0,0,0,20,40,0,0,40,20,0,NULL,1,NULL,NULL
1568,1568F-94,3:2,130,40,30,0,40,0,0,0,0,40,50,0,0,50,0,0,NULL,1,NULL,NULL
1569,1569f-94,3:2,350,0,200,0,0,0,0,0,0,100,0,0,0,40,0,0,NULL,2,NULL,NULL
1580,1580f-94,3:2,100,0,30,0,0,0,100,0,0,0,50,0,0,100,100,0,NULL,1,NULL,NULL
1582,1582f-94,3:2,50,0,0,0,0,0,50,0,0,0,50,0,0,100,100,0,NULL,1,NULL,NULL
1596,1596f-94,1:100,1000,0,100,0,0,0,0,50,0,100,100,0,0,100,20,0,NULL,3,NULL,NULL
1601,1601f-94,3:2,50,0,0,0,0,0,40,0,0,0,30,0,0,30,0,0,NULL,1,NULL,NULL
1602,1602f-94,3:2,30,0,0,0,0,0,0,20,0,0,20,0,0,20,0,0,NULL,1,NULL,NULL
1603,1603f-94,3:2,100,0,40,0,0,0,40,40,0,40,40,0,0,0,20,0,NULL,1,NULL,NULL
1604,1604f-94,3:2,30,0,0,0,0,0,0,20,0,0,0,0,0,20,20,0,NULL,1,NULL,NULL
1605,1607f-94,3:2,50,0,50,0,0,0,30,40,0,0,50,0,0,50,30,0,NULL,1,NULL,NULL
1606,1606f-94,3:2,20,0,0,0,0,0,0,0,0,0,0,0,0,20,20,0,NULL,1,NULL,NULL
1607,1607f-94,3:2,30,0,0,0,0,0,0,0,0,30,30,0,0,30,0,0,NULL,1,NULL,NULL
1608,1608f-94,3:2,30,0,0,0,0,0,0,0,0,20,30,0,0,30,0,0,NULL,1,NULL,NULL
1609,1609f-97,3:2,30,0,30,0,0,0,0,0,0,0,0,0,0,30,20,0,NULL,1,NULL,NULL
1610,1610f-94,3:2,50,0,50,0,0,0,0,0,0,0,40,0,0,40,0,0,NULL,1,NULL,NULL
1616,1616f-94,3:2,50,0,200,0,50,0,50,50,0,50,0,0,0,50,100,0,NULL,1,NULL,NULL
1618,1618f-94,3:2,50,0,0,0,10,0,50,0,0,20,50,0,0,50,30,0,NULL,1,large chunck (125x250u) at the 30mm reading,NULL
1627,1627f-94,3:2,170,0,50,0,50,0,170,0,0,50,50,0,0,50,0,0,NULL,1,NULL,NULL
1633,1633F-94,3:2,50,0,50,0,40,0,0,50,0,0,30,0,0,0,30,0,NULL,1,NULL,NULL
1635,1635f-94,3:2,170,0,0,0,0,0,130,0,0,0,50,0,0,50,50,0,NULL,1,NULL,NULL
1640,1640f-94,3:2,50,0,0,0,0,0,0,0,0,0,50,0,0,50,50,0,NULL,1,NULL,NULL
1650,1650f-94,3:2,50,0,50,0,0,50,0,0,0,0,50,0,0,200,170,0,NULL,1,NULL,NULL
1653,1653f-94,3:2,750,40,40,0,0,0,200,0,0,50,50,0,0,50,0,0,NULL,3,NULL,NULL
1655,1655f-94,3:2,100,0,100,0,0,0,0,0,0,20,20,0,0,20,20,0,NULL,1,NULL,NULL
1663,1663f-94,3:2,130,0,50,20,0,0,0,0,0,100,20,0,0,100,0,0,NULL,1,NULL,NULL
1664,1664f-94,3:2,0,0,0,0,0,0,0,0,0,20,20,0,0,0,20,0,NULL,1,NULL,NULL
1665,1665f-94,3:2,40,0,0,0,20,0,20,0,0,20,0,0,0,20,20,0,NULL,1,NULL,NULL
1670,1670f-94,3:2,200,0,200,50,100,0,0,0,0,50,50,0,0,50,50,0,NULL,1,NULL,NULL
1671,1671f-94,3:2,100,0,0,0,0,50,50,50,0,0,50,0,0,50,50,0,NULL,1,NULL,NULL
1678,1678f-94,3:2,100,0,100,0,0,0,170,0,0,100,0,0,0,170,0,0,NULL,2,heavy rust,NULL
1679,1679f-94,3:2,130,0,130,0,50,0,0,750,0,130,100,0,0,0,50,0,NULL,2,high rust,NULL
1683,1683f-94,3:2,50,0,0,0,0,0,50,50,0,20,50,0,0,50,50,0,NULL,1,NULL,NULL
1684,1684f-94,3:2,100,0,0,0,0,0,100,0,0,0,0,0,0,50,0,0,NULL,1,NULL,NULL
1688,1688f-94,3:2,350,0,200,50,50,0,0,0,0,0,50,0,0,50,50,0,NULL,2,NULL,NULL
1693,1693f-94,1:10,750,0,0,0,20,0,750,0,0,0,0,0,0,0,10,0,NULL,3,note dilution factor,NULL
1694,1694f-94,1:10,1000,0,0,0,50,0,0,0,0,0,20,0,200,50,20,0,NULL,3,very high normal rubbing wear,NULL
1707,1707f-94,3:2,750,0,40,20,20,0,20,0,0,0,0,0,0,0,20,0,NULL,3,very high rubbing wear,NULL
1711,1711f-94,3:2,500,500,500,500,0,0,200,20,0,500,20,0,0,0,20,0,NULL,3,high cutting wear,NULL
1712,1712f-94,3:2,50,0,50,0,0,0,20,20,0,100,0,0,0,0,0,0,NULL,1,NULL,NULL
1713,1713f-94,3:2,20,0,0,0,0,0,20,0,0,20,20,0,0,20,20,0,NULL,1,NULL,NULL
1725,1725f-94,3:2,750,0,350,350,130,0,0,0,0,350,100,0,0,100,0,0,NULL,2,NULL,NULL
1727,1727f-94,3:2,130,0,40,0,30,0,0,100,0,0,0,0,0,130,50,0,NULL,1,NULL,NULL
1729,1729f-94,3:2,30,0,30,20,20,0,0,0,0,100,50,0,0,50,50,0,NULL,1,NULL,NULL
1756,1756f-94,3:2,50,0,50,50,50,0,0,0,50,0,50,0,0,50,50,0,NULL,1,NULL,NULL
1758,1758f-94,3:2,40,0,40,0,40,0,0,0,0,40,0,0,0,30,20,0,NULL,1,NULL,NULL
1773,1773f-94,3:2,350,100,100,100,100,0,0,50,0,130,130,0,0,130,130,0,NULL,2,same ongoing problems,NULL
1781,1781f-94,3:2,50,0,30,20,20,0,0,20,0,20,20,0,0,20,20,0,NULL,1,NULL,NULL
1783,1783f-94,3:2,50,0,50,30,30,0,0,30,0,50,50,0,0,50,0,0,NULL,1,NULL,NULL
1784,1487f-94,3:2,130,0,20,0,20,0,20,20,0,0,20,0,0,20,20,0,NULL,1,NULL,NULL
1793,1793f-94,1:10,1000,0,1000,0,100,0,0,20,0,100,0,0,0,0,0,0,NULL,3,heavy normal rubbing wear,NULL
1808,1808f-94,1:10,750,200,200,0,0,0,200,0,0,0,50,0,0,50,0,0,NULL,3,high rubbing wear,NULL
1809,1809f-94,3:2,750,0,130,20,0,0,50,0,0,50,0,0,0,50,0,0,NULL,2,high normal rubbing wear,NULL
1811,1811f-94,3:2,200,130,170,50,50,0,50,50,0,0,50,0,0,50,50,0,NULL,2,NULL,NULL
1820,1820f-94,3:2,50,0,0,0,0,0,50,0,0,0,20,0,0,20,0,0,NULL,1,NULL,NULL
1821,1821f-94,3:2,100,20,20,0,20,0,100,0,20,30,0,0,0,100,0,0,NULL,1,NULL,NULL
1822,1822f-94,3:2,30,100,100,0,100,0,0,100,0,100,350,0,0,100,350,0,NULL,1,NULL,NULL
1848,1848f-94,3:2,1000,0,0,0,0,0,750,0,0,0,0,0,0,0,0,0,NULL,3,NULL,NULL
1850,1850f-94,3:2,40,20,0,0,0,0,0,0,0,0,0,0,0,20,20,0,NULL,1,NULL,NULL
1857,1857f-94,1:100,130,0,0,0,0,0,200,100,0,0,0,0,0,50,0,0,NULL,3,NULL,NULL
1858,1858f-94,3:2,50,0,20,0,20,0,200,500,0,0,100,0,0,100,0,0,NULL,2,high rust,NULL
1859,1859f-94,3:2,50,0,0,0,0,0,100,50,0,50,50,0,0,0,0,0,NULL,1,NULL,NULL
1863,1863f-94,3:2,350,0,350,0,200,0,350,350,0,200,500,0,0,350,200,0,NULL,2,NULL,NULL
1869,1869f-94,3:2,170,0,0,0,0,0,170,170,0,0,0,0,0,50,50,0,NULL,1,some rust present,NULL
1875,1875F-94,3:2,200,50,50,50,50,0,100,0,0,350,100,0,0,350,100,0,NULL,2,NULL,NULL
1882,1882f-94,3:2,750,0,0,0,0,0,0,0,0,30,0,0,0,0,0,0,NULL,3,NULL,NULL
1887,1887f-94,3:2,20,0,0,0,0,0,0,50,0,20,0,0,0,20,0,0,NULL,1,NULL,NULL
1890,1890f-94,3:2,100,500,500,750,500,0,200,50,50,750,100,0,0,200,0,0,NULL,3,high cutting wear and no ferrous metal particles present,NULL
1892,1892f-94,3:2,750,0,0,750,350,0,350,350,0,350,0,0,0,0,0,0,NULL,3,failure may occur soon,NULL
1897,1897f-94,3:2,200,0,0,0,20,0,40,40,0,0,0,0,0,30,30,0,NULL,1,NULL,NULL
1962,1962f-94,3:2,350,100,100,200,100,0,170,50,0,350,100,0,0,200,20,0,NULL,2,higher cutting wear than normal,NULL
1965,1965f-94,3:2,350,20,20,100,20,0,200,200,0,200,200,0,0,100,50,0,NULL,2,NULL,NULL
1970,1970f-94,3:2,170,50,0,50,200,0,100,0,0,200,50,0,0,200,50,0,NULL,2,NULL,NULL
1978,1978f-94,3:2,30,0,0,0,0,0,30,0,0,30,0,0,0,30,20,0,NULL,1,NULL,NULL
1979,1979f-94,3:2,170,40,40,0,40,0,170,40,0,0,40,0,0,50,40,0,NULL,1,NULL,NULL
1990,1990f-94,3:2,170,0,0,50,50,0,200,130,0,100,350,0,0,350,200,0,NULL,1,NULL,NULL
1991,1991-94,3:2,100,130,130,100,50,0,170,100,0,130,170,0,0,350,0,0,NULL,2,NULL,NULL
1992,1992f-95,3:2,200,0,0,200,130,0,200,200,0,200,0,0,0,350,200,0,NULL,2,NULL,NULL
1993,1993f-94,3:2,100,100,0,100,0,0,100,100,0,100,0,0,0,100,50,0,NULL,1,NULL,NULL
1994,1994f-95,3:2,170,0,170,0,0,0,200,170,0,170,0,0,0,170,0,0,NULL,1,NULL,NULL
1996,1996f-94,3:2,750,0,0,50,0,0,350,200,0,0,350,0,0,350,350,0,NULL,3,NULL,NULL
1999,1999f-95,3:2,100,170,170,0,100,0,100,0,0,350,0,0,0,100,0,0,NULL,2,NULL,NULL
2001,2001f-94,3:2,100,0,0,0,0,0,0,50,0,50,0,0,0,200,50,0,NULL,1,NULL,NULL
2004,2004-94,3:2,350,100,100,50,50,0,350,200,0,350,50,0,0,50,50,0,NULL,2,NULL,NULL
2014,2014f-95,3:2,50,20,20,0,0,0,0,0,0,0,20,0,0,20,0,0,NULL,1,NULL,NULL
2021,2021f-94,3:2,750,50,50,0,50,0,750,0,0,50,0,0,0,0,0,0,NULL,2,high normal rubbing wear,NULL
2031,2031f-94,3:2,50,100,100,0,50,0,100,0,0,0,0,0,0,50,0,0,NULL,2,NULL,NULL
2033,2033f-94,3:2,50,0,0,50,0,0,100,100,0,0,100,0,0,100,100,0,NULL,2,long cutting wear at entry,NULL
2035,2035f-95,3:2,100,0,0,0,0,0,100,50,0,0,0,0,0,100,0,0,NULL,1,NULL,NULL
2037,2037f-94,3:2,750,0,0,0,0,0,50,50,0,0,0,0,0,50,0,0,NULL,3,heavy normal rubbing wear.  recheck of sample 1857,NULL
2040,2040f-94,3:2,100,0,0,0,0,0,0,100,0,0,100,0,0,100,100,0,NULL,1,NULL,NULL
2043,2043f-94,3:2,750,0,0,10,10,0,350,50,0,50,50,0,0,200,0,0,NULL,2,NULL,NULL
2046,2046f-95,3:2,50,50,50,0,50,0,100,0,0,100,50,0,0,130,0,0,NULL,1,NULL,NULL
2049,2049f-94,3:2,1000,0,0,0,0,0,0,1000,0,0,0,0,0,0,0,750,oxidation products,3,high rust content,NULL
2050,2050-f-95,3:2,350,200,200,50,0,0,0,0,0,0,350,0,0,350,100,0,NULL,2,NULL,NULL
2056,2056f-94,3:2,50,0,0,0,0,0,50,0,0,0,0,0,0,0,0,0,NULL,1,NULL,NULL
2059,2059f-95,3:2,100,100,100,100,0,0,100,0,0,100,100,0,0,100,50,0,NULL,2,NULL,NULL
2060,2060f-94,3:2,750,100,100,50,50,0,100,170,0,0,100,0,0,100,0,0,NULL,2,NULL,NULL
2061,2061f-94,3:2,750,50,50,50,50,0,750,200,0,200,50,0,0,0,0,0,NULL,2,"heavy normal rubbing wear,could be from long interval of change,first time equip sampled",NULL
2065,2065f-95,3:2,350,0,0,0,50,0,200,100,0,50,100,0,0,100,50,0,NULL,2,NULL,NULL
2066,2066f-94,3:2,200,0,0,0,50,0,200,200,0,0,350,0,0,350,0,0,NULL,1,NULL,NULL
2068,2068f-95,3:2,50,20,20,0,50,0,50,0,0,50,100,0,0,100,50,0,NULL,1,NULL,NULL
2072,2072f-94,3:2,350,50,50,50,50,0,200,200,0,50,0,0,0,0,0,0,NULL,2,NULL,NULL
2074,2074f-95,3:2,50,50,50,50,50,0,50,0,0,50,0,0,0,0,0,0,NULL,1,NULL,NULL
2081,2081f-95,3:2,100,100,100,0,50,0,100,0,0,50,50,0,0,100,50,0,NULL,1,NULL,NULL
2084,2084f-95,3:2,50,0,0,0,0,0,0,200,0,0,0,0,0,200,0,0,NULL,1,NULL,NULL
2091,2091f-95,3:2,50,50,50,0,100,0,100,0,0,0,50,0,0,350,0,0,NULL,1,NULL,NULL
2094,2094f-95,3:2,200,50,50,0,50,0,200,50,0,200,200,0,0,350,0,0,NULL,2,NULL,NULL
2096,2096f-95,3:2,100,50,50,170,50,0,170,0,0,200,0,0,0,0,0,0,NULL,2,NULL,NULL
2106,2106f-95,3:2,50,0,0,0,0,0,50,0,0,0,20,0,0,0,0,0,NULL,1,NULL,NULL
2119,2119f-95,3:2,100,50,50,0,50,0,100,100,0,0,50,50,0,50,0,0,NULL,1,NULL,NULL
2120,2120f-95,3:2,100,50,50,0,50,0,100,50,0,50,50,0,0,50,50,0,NULL,1,NULL,NULL
2121,2121f-95,3:2,100,100,100,0,0,0,0,0,0,130,0,100,0,50,50,0,NULL,1,NULL,NULL
2122,2122f-95,3:2,350,0,0,0,0,0,350,1000,0,0,0,0,0,0,0,0,NULL,2,high rust,NULL
2124,2124f-95,3:2,50,0,0,0,0,0,50,50,0,0,0,0,0,50,0,0,NULL,1,NULL,NULL
2125,2125f-95,3:2,500,100,100,100,0,0,100,100,0,100,0,0,0,100,50,0,NULL,2,NULL,NULL
2127,2127f-95,3:2,100,100,100,0,50,0,100,0,0,0,50,0,0,100,0,0,NULL,1,NULL,NULL
2128,2128f-95,3:2,100,100,100,130,50,0,130,0,0,50,50,0,0,100,0,0,NULL,2,some cutting wear,NULL
2129,2129f-95,3:2,100,50,50,0,50,0,100,0,0,50,50,0,0,100,0,0,NULL,1,NULL,NULL
2131,2131f.95,3:2,100,50,50,0,0,0,100,0,0,50,50,0,0,100,0,0,NULL,1,NULL,NULL
2144,2144f-95,3:2,50,50,50,50,0,0,50,0,0,50,50,0,0,50,50,0,NULL,1,NULL,NULL
2147,2147f-95,3:2,100,50,50,0,50,0,0,0,0,50,0,0,0,100,100,0,NULL,1,NULL,NULL
2151,2151f-95,3:2,100,100,100,0,0,0,100,0,0,50,50,0,0,100,50,0,NULL,1,NULL,NULL
2158,2158f-95,1:10,350,50,50,0,0,0,200,50,0,0,50,0,0,100,0,0,NULL,3,normal dilution showed heavy normal rubbing wear 100%-mostly normal rubbing wear,NULL
2159,2159f-95,3:2,100,50,50,0,50,0,100,50,0,50,0,0,0,100,0,0,NULL,1,NULL,NULL
2160,2160f-95,3:2,100,50,50,0,50,0,100,50,0,0,0,0,0,100,0,0,NULL,1,NULL,NULL
2174,2174-95,1:10,750,130,130,0,130,0,0,350,0,100,100,0,0,100,0,0,NULL,3,NULL,NULL
2176,2176f-95,3:2,100,100,100,0,50,0,100,0,0,50,0,0,0,100,0,0,NULL,1,NULL,NULL
2179,2179f-95,3:2,100,50,50,0,50,0,0,0,0,0,0,0,0,100,0,0,NULL,1,NULL,NULL
2180,2180f-95,3:2,100,100,100,0,50,0,100,100,0,50,100,0,0,100,0,0,NULL,1,NULL,NULL
2181,2181f-95,3:2,200,200,200,50,50,0,200,100,0,200,200,0,0,200,200,0,NULL,2,NULL,NULL
2185,2185f-95,3:2,50,50,50,0,0,0,50,200,0,50,0,0,0,100,50,0,NULL,1,NULL,NULL
2187,2187f-95,3:2,100,50,50,0,50,0,100,100,0,130,100,0,0,100,50,0,NULL,1,NULL,NULL
2192,2192f-95,3:2,100,0,50,50,100,0,100,50,0,0,0,0,0,100,50,0,NULL,1,NULL,NULL
2203,2203f-95,3:2,100,50,50,0,0,0,100,0,0,50,50,0,0,100,0,0,NULL,1,NULL,NULL
2210,2210f-95,3:2,100,50,50,0,50,0,100,0,0,0,0,0,0,100,0,0,NULL,1,NULL,NULL
2214,2214f-95,3:2,50,0,20,0,0,0,0,0,0,20,0,0,0,100,0,0,NULL,1,NULL,NULL
2215,2215f-95,3:2,100,50,50,0,50,0,100,50,0,100,0,0,0,100,50,0,NULL,1,NULL,NULL
2224,2224f-95,3:2,50,50,50,0,0,0,50,0,0,0,0,0,0,50,0,0,NULL,1,NULL,NULL
2225,2225f-95,3:2,100,50,50,0,50,0,100,0,0,50,0,0,0,100,0,0,NULL,1,NULL,NULL
2226,2226f-95,3:2,50,50,50,0,0,0,50,50,0,50,0,0,0,50,0,0,NULL,1,NULL,NULL
2227,2227f-95,3:2,100,50,50,0,50,0,100,0,0,0,50,0,0,100,0,0,NULL,1,NULL,NULL
2228,2228f-95,3:2,50,50,50,0,50,0,50,50,0,50,0,0,0,50,0,0,NULL,1,NULL,NULL
2229,2229f-95,3:2,100,50,50,0,50,0,100,0,0,50,50,0,0,0,0,0,NULL,1,NULL,NULL
2230,2230f-95,3:2,100,50,50,0,0,0,50,0,0,50,0,0,0,50,0,0,NULL,1,NULL,NULL
2231,2231f-95,3:2,50,50,50,0,50,0,50,0,0,0,50,0,0,50,0,0,NULL,1,NULL,NULL
2232,2232f-95,3:2,100,100,100,0,50,0,100,0,0,50,0,0,0,100,0,0,NULL,1,NULL,NULL
2233,2233f-95,3:2,170,100,100,0,50,0,0,50,0,50,0,0,0,100,0,0,NULL,1,NULL,NULL
2234,2234f-95,3:2,170,100,100,0,100,0,100,100,0,50,50,0,0,100,0,0,NULL,2,NULL,NULL
2235,2235f-95,3:2,50,20,20,0,20,0,0,0,0,20,0,0,0,20,20,0,NULL,1,NULL,NULL
2237,2237f-95,3:2,100,50,50,50,50,0,100,100,0,0,100,0,0,100,0,0,NULL,1,NULL,NULL
2239,2239f-95,3:2,20,20,20,0,20,0,20,0,0,20,0,0,0,20,20,0,NULL,1,NULL,NULL
2240,2240f-95,3:2,130,100,100,100,50,0,130,100,0,170,170,0,0,170,0,0,NULL,2,NULL,NULL
2241,2241f-95,3:2,100,50,50,50,50,0,100,0,0,0,100,0,0,0,100,0,NULL,1,NULL,NULL
2247,2247f-95,3:2,50,50,50,50,50,0,50,0,0,100,0,0,0,0,0,0,NULL,1,NULL,NULL
2248,2248f-95,3:2,750,100,100,0,100,0,0,100,0,0,50,0,0,50,0,0,NULL,3,NULL,NULL
2253,2253f-95,3:2,20,20,20,0,20,0,20,0,0,20,0,0,0,20,0,0,NULL,1,NULL,NULL
2254,2254f-95,3:2,20,20,20,20,20,0,20,20,0,0,20,0,0,20,20,0,NULL,1,NULL,NULL
2257,2257f-95,3:2,200,50,50,100,0,0,200,50,0,100,50,0,0,100,100,0,NULL,1,NULL,NULL
2260,2260f-95,3:2,100,50,50,0,0,0,100,50,0,50,0,0,0,50,50,0,NULL,1,NULL,NULL
2263,2263f-95,3:2,100,50,50,0,50,0,100,50,0,50,50,0,0,50,50,0,NULL,1,NULL,NULL
2264,2264f-95,3:2,100,100,100,100,100,0,100,0,0,350,350,0,0,350,350,0,NULL,2,NULL,NULL
2299,2299f-95,3:2,200,100,100,0,50,0,200,200,0,130,100,0,0,200,0,0,NULL,2,NULL,NULL
2301,2301f-95,3:2,100,100,100,0,50,0,100,50,0,50,50,0,0,50,0,0,NULL,1,NULL,NULL
2304,2304f-95,3:2,100,100,100,50,50,0,100,50,0,100,100,0,0,100,100,0,NULL,2,NULL,NULL
2305,2305f-95,3:2,50,50,50,0,50,0,50,50,0,50,50,0,0,50,50,0,NULL,1,NULL,NULL
2308,2308f-95,3:2,100,100,100,100,0,0,100,0,0,100,50,0,0,0,50,0,NULL,2,NULL,NULL
2314,2314f-95,3:2,100,130,130,50,100,0,130,130,0,130,100,0,0,130,130,0,NULL,2,NULL,NULL
2315,2315f-95,3:2,350,100,200,50,50,0,200,0,0,50,0,0,0,100,50,0,NULL,3,"heat treat @ 625f,750f,900f-mostly carbon steel and low alloy steel",NULL
2339,2339f-95,3:2,100,100,100,0,50,0,100,0,0,50,50,0,0,50,0,0,NULL,1,NULL,NULL
2366,2366f-95,3:2,350,100,350,100,50,0,350,50,0,170,100,0,0,200,0,0,NULL,3,NULL,NULL
2370,2370f-95,3:2,130,170,170,50,50,0,170,100,0,200,130,0,0,100,100,0,NULL,2,NULL,NULL
2371,2371f-95,3:2,100,50,50,50,50,0,50,50,0,50,50,0,0,0,50,0,NULL,1,NULL,NULL
2372,2372f-95,3:2,100,50,50,50,50,0,50,50,0,50,50,0,0,50,50,0,NULL,1,normal to caution,NULL
2375,2375f-95,1:10,1000,1000,1000,1000,1000,0,1000,1000,1000,1000,1000,1000,1000,1000,1000,0,NULL,4,based on a 3-2 ratio,NULL
2376,2376f-95,3:2,1000,500,500,200,200,0,1000,200,0,100,100,0,0,100,100,0,NULL,4,NULL,NULL
2382,2382f-95,3:2,50,50,50,20,0,0,0,0,0,0,50,0,0,50,0,0,NULL,1,NULL,NULL
2383,2383f-95,3:2,170,170,170,0,170,0,170,170,0,0,170,0,0,170,50,0,NULL,2,pump taken off line unit reduced power to 90% to change motor-vibration indicated failure,NULL
2385,2385-95,3:2,50,50,50,0,0,0,0,0,0,50,50,0,0,50,50,0,NULL,1,NULL,NULL
2387,2387f-95,3:2,200,200,200,50,50,0,200,100,0,100,100,0,0,100,100,0,NULL,1,NULL,NULL
2395,2395f-95,3:2,100,100,100,0,100,0,100,0,0,100,100,0,0,100,0,0,NULL,1,NULL,NULL
2396,2396f-95,3:2,100,100,100,0,50,0,0,0,0,50,50,0,0,50,0,0,NULL,1,NULL,NULL
2401,2401f-95,3:2,50,50,50,0,50,0,50,50,0,50,50,0,0,50,50,0,NULL,1,NULL,NULL
2426,2426f-95,3:2,20,20,20,0,0,0,0,0,0,0,0,0,0,0,20,0,NULL,1,NULL,NULL
2429,2429f-95,3:2,50,50,50,0,50,0,50,50,0,50,50,0,0,50,50,0,NULL,1,NULL,NULL
2431,2431f-95,3:2,50,50,50,0,50,0,50,0,0,50,50,0,0,50,50,0,NULL,1,NULL,NULL
2435,2435f-95,3:2,100,100,100,50,50,0,100,0,0,100,50,0,0,100,0,0,NULL,1,NULL,NULL
2444,2444f-95,3:2,50,50,50,0,50,0,50,50,0,50,0,0,0,50,0,0,NULL,1,NULL,NULL
2446,2446f-95,3:2,50,50,50,0,50,0,50,0,0,50,50,0,0,50,0,0,NULL,1,NULL,NULL
2450,2450f-95,3:2,100,100,100,50,50,0,100,50,0,50,50,0,0,50,50,0,NULL,2,cutting wear,NULL
2453,2453f-95,3:2,50,50,50,0,50,0,50,0,0,50,50,0,0,50,50,0,NULL,1,NULL,NULL
2454,2454f95,3:2,50,50,50,0,50,0,50,50,0,50,50,0,0,0,0,0,NULL,1,NULL,NULL
2455,2455f-95,3:2,100,50,50,0,50,0,50,50,0,50,0,0,0,50,0,0,NULL,1,NULL,NULL
2457,2457f-95,3:2,0,50,50,0,0,0,0,200,0,50,50,0,0,50,50,0,NULL,1,normal to csution  --  high normal wear size particles,NULL
2459,2459f-95,3:2,1000,200,200,100,50,0,1000,350,0,200,100,0,0,50,50,0,NULL,4,NULL,NULL
2462,2462f-95,3:2,170,100,100,0,50,100,170,50,0,50,0,0,0,50,0,0,NULL,2,spheres from 4 to 14u in diameter,NULL
2464,2464f-95,3:2,200,50,50,0,50,200,200,100,0,100,50,0,0,50,50,0,NULL,3,alert status based in conjunction with filter residue results,NULL
2466,2466f-95,3:2,100,50,50,0,0,0,0,100,0,0,50,0,0,100,50,0,NULL,1,NULL,NULL
2473,2473f-95,3:2,200,100,100,50,100,0,100,50,0,50,50,0,0,50,50,0,NULL,2,high number of smaller (1&2u) severe wear particle on slide,NULL
2474,2474f-95,3:2,100,50,50,50,50,0,0,0,0,0,100,0,0,0,100,0,NULL,1,NULL,NULL
2478,2478f-95,3:2,350,100,100,50,50,0,200,200,0,100,50,0,0,0,50,0,NULL,2,NULL,NULL
2491,2491f-95,3:2,50,50,50,0,20,0,0,50,0,0,50,0,0,50,50,0,NULL,1,NULL,NULL
2498,2498f-95,3:2,200,50,50,0,50,0,0,200,0,0,50,0,0,50,50,0,NULL,1,NULL,NULL
2503,2503f-95,3:2,100,50,50,50,50,0,50,50,0,50,0,0,0,50,50,0,NULL,1,NULL,NULL
2505,2505f-95,3:2,200,200,200,0,100,0,200,200,0,200,0,0,0,200,200,0,NULL,3,"these types of equipment have been historically high in babbitt, no effort has been made to fix the",NULL
2506,2506f-95,3:2,350,100,100,0,50,0,200,350,0,100,100,0,0,100,100,0,NULL,2,NULL,NULL
2507,2507f-95,3:2,200,50,50,0,50,0,200,0,0,0,50,0,0,0,50,0,NULL,1,normal to caution,NULL
2515,2515f-95,3:2,100,20,0,10,0,0,100,0,0,0,0,0,0,0,0,0,NULL,1,NULL,NULL
2521,2521f-95,3:2,130,200,0,10,0,20,130,0,30,20,130,0,0,50,10,0,NULL,2,nonferrous metal particles copper,NULL
2523,2523f-95,3:2,350,100,0,40,100,0,350,0,50,200,50,0,0,100,50,0,NULL,4,non ferrous metal particles  --  copper,NULL
2536,2536f-95,3:2,30,30,0,10,0,0,30,0,0,10,0,0,0,10,0,0,NULL,1,non ferrous metal: copper,NULL
2541,2541f-95,3:2,50,50,50,0,0,0,0,0,0,50,0,0,0,20,20,0,NULL,1,NULL,NULL
2542,2542f-95,3:2,100,100,100,0,50,0,100,350,0,50,100,0,0,100,50,0,NULL,1,normal to caution  --  high rust,NULL
2543,2543f-95,3:2,50,50,50,0,0,0,0,100,0,0,100,0,0,100,50,0,NULL,1,NULL,NULL
2544,2544f-95,3:2,100,50,50,0,0,0,0,200,0,50,0,0,0,100,50,0,NULL,1,normal to caution,NULL
2545,2545f-95,3:2,50,50,50,0,50,0,50,50,0,50,0,0,0,50,50,0,NULL,1,NULL,NULL
2546,2546f-95,3:2,50,50,50,0,50,0,100,750,0,50,100,0,0,100,50,0,NULL,1,normal to caution  --  high rust,NULL
2547,2547f-95,3:2,50,50,50,0,50,0,50,100,0,50,50,0,0,50,0,0,NULL,1,NULL,NULL
2548,2548f-95,3:2,50,50,50,0,50,0,0,200,0,50,0,0,0,50,0,0,NULL,1,normal to caution  -- high rust,NULL
2549,2549f-95,3:2,50,50,50,0,0,0,0,0,0,0,0,0,0,0,0,0,NULL,1,NULL,NULL
2560,2560f-95,1:10,750,750,0,0,0,0,750,200,200,200,750,0,0,100,0,0,NULL,3,non ferrous metal particles:  copper & aluminum,NULL
2570,2570f-95,3:2,130,100,0,0,7,7,130,100,0,20,100,0,0,40,40,0,NULL,2,NULL,NULL
2571,2571f-95,3:2,350,170,0,0,0,0,350,20,20,20,0,0,0,20,0,0,NULL,1,non ferrous metal: copper,NULL
2589,2589f-95,3:2,0,0,0,100,0,3,0,0,40,20,100,0,0,100,50,0,NULL,3,"non ferrous metal particles: copper & aluminum, cutting: 120ux20u - one particle",NULL
2595,2595f-95,1:10,350,170,0,0,0,50,200,0,350,10,500,0,0,20,0,0,NULL,3,non ferrous metal particles copper,NULL
2596,2596f-95,3:2,100,30,0,0,0,0,170,0,50,40,30,0,0,0,0,0,NULL,2,NULL,NULL
2598,2598f-95,3:2,100,100,0,0,0,0,100,50,0,0,0,0,0,50,20,0,NULL,1,NULL,NULL
2611,2611f-95,3:2,50,20,20,0,0,0,0,100,0,0,0,0,0,50,50,0,NULL,1,NULL,NULL
2612,2612f-95,3:2,40,40,40,0,40,0,0,50,0,0,50,0,0,50,20,0,NULL,1,NULL,NULL
2613,2613f-95,3:2,50,30,30,0,0,0,0,50,0,0,30,0,0,0,30,0,NULL,1,NULL,NULL
2614,2614f-95,3:2,50,50,50,0,0,0,50,50,0,0,50,0,0,50,50,0,NULL,1,NULL,NULL
2619,2619f-95,3:2,100,100,0,30,0,30,100,30,100,30,40,0,0,40,0,0,NULL,2,non ferrous metal particles: copper & aluminum,NULL
2622,2622f-95,3:2,130,0,0,170,0,50,100,20,50,50,50,0,0,20,0,0,NULL,2,non ferrous metal : copper & aluminum   --  more than normal cutting wear,NULL
2630,2630f-95,3:2,130,130,0,130,0,40,0,0,0,40,130,0,0,100,0,0,NULL,2,"non ferrous metal: copper & aluminum, babbitt",NULL
2631,2631f-95,3:2,170,170,170,350,50,0,200,50,0,100,0,0,0,100,0,0,NULL,2,NULL,NULL
2632,2632f-95,3:2,200,200,200,200,0,0,0,200,0,200,0,0,0,200,200,0,NULL,2,caution to alert,NULL
2633,2633f-95,3:2,170,170,0,0,0,20,170,0,0,30,0,0,0,0,0,0,NULL,1,non-ferrous metal particles MO & AL - normal to caution,NULL
2634,2634f-95,3:2,1000,350,0,100,0,0,1000,0,750,350,0,0,0,0,20,0,NULL,3,NULL,NULL
2635,2635f-95,3:2,100,350,0,0,100,0,100,0,0,0,0,0,0,500,0,0,NULL,4,laminar particle: copper particle 300u,NULL
2638,2638f-95,3:2,170,350,0,0,0,0,170,10,0,0,10,0,10,10,0,0,NULL,1,NULL,NULL
2639,2639f-95,3:2,130,130,0,10,0,0,170,0,0,10,0,0,0,0,0,10,moly,1,normal to caution  --  non ferrous metal: aluminum,NULL
2642,2642f-95,3:2,350,200,0,0,0,0,350,0,350,30,100,0,50,50,50,0,NULL,3,NULL,NULL
2651,2651-95,3:2,100,40,0,40,20,0,50,0,170,30,0,0,0,0,0,0,NULL,2,non ferrous particle copper,NULL
2658,2658f-95,3:2,3,0,0,0,0,0,3,3,0,3,7,0,0,0,3,3,moly,1,non-ferrous metal particles copper,NULL
2668,2668f-95,3:2,20,10,0,0,0,0,0,0,0,0,10,0,0,20,20,0,NULL,1,NULL,NULL
2669,2669f-95,3:2,20,10,0,0,0,0,10,10,0,0,20,0,0,20,20,0,NULL,1,NULL,NULL
2674,2674f-95,3:2,350,350,0,0,0,0,350,30,350,30,170,0,0,20,20,0,NULL,1,"normal to caution  -  non ferrous metal: copper, moly & aluminum",NULL
2675,2675f-95,3:2,200,100,0,50,0,20,200,30,0,100,20,0,30,0,0,0,NULL,2,"non ferrous metal:  copper, moly & aluminum",NULL
2676,2676f-95,3:2,40,100,0,10,10,10,40,0,0,0,0,0,0,30,0,0,NULL,2,laminar - copper 40u  possible indication of bearing wear,NULL
2677,2677f-95,3:2,130,100,0,0,0,0,0,20,20,20,50,0,0,0,0,0,NULL,1,NULL,NULL
2679,2679f-95,3:2,170,130,0,0,20,0,170,0,0,170,20,0,0,20,0,0,NULL,3,NULL,NULL
2680,2680f-95,1:10,350,50,0,0,0,0,350,0,350,0,0,0,0,100,20,0,NULL,3,NULL,NULL
2681,2681f-95,3:2,20,20,0,10,0,0,0,0,0,20,20,0,0,20,10,0,NULL,2,NULL,NULL
2694,2694f-95,3:2,7,0,0,0,0,0,3,3,0,0,0,0,3,7,0,0,NULL,1,NULL,NULL
2700,2700f-95,3:2,500,100,0,0,0,0,350,20,0,10,10,0,0,0,10,0,NULL,3,non ferrous metal particles - aluminum & copper,NULL
2707,2707f-95,3:2,30,20,0,10,0,0,20,0,0,0,200,0,0,0,0,0,NULL,2,high amount of silicate particles,NULL
2709,2709f-95,3:2,30,0,0,0,0,0,0,0,0,0,0,0,30,20,0,0,NULL,2,NULL,NULL
2710,2710f-95,3:2,40,170,0,0,0,0,0,0,0,170,170,0,0,0,0,0,NULL,2,large size copper sliding wear,NULL
2711,2711f-95,3:2,40,30,0,0,0,30,0,0,0,200,50,0,0,0,20,0,NULL,2,caution to alert  --   non ferous metal particles aluminum,NULL
2712,2712f-95,3:2,30,20,0,0,0,0,20,20,0,30,40,0,0,20,0,0,NULL,1,non ferrous particles copper,NULL
2719,2719f-95,3:2,100,30,0,10,0,0,0,0,350,30,0,0,0,0,0,7,babbitt,2,non ferrous particles aluminum,NULL
2720,2720f-95,3:2,170,130,0,20,0,0,0,170,50,170,0,0,0,500,0,0,NULL,2,non ferrous particles aluminum & copper  --  oil has degraded,NULL
2721,2721f-95,3:2,100,130,0,10,0,0,130,100,0,30,350,0,0,350,10,0,NULL,2,non ferrous metal particles copper & aluminum,NULL
2724,2724f-95,3:2,40,0,0,7,0,0,100,100,0,0,100,0,0,0,0,0,NULL,1,NULL,NULL
2725,2725f-95,3:2,50,10,0,0,0,0,50,500,0,170,500,0,0,500,50,0,NULL,2,non ferrous metal particles opper & aluminum,NULL
2726,2726f-95,3:2,3,3,0,0,0,0,10,0,0,0,0,0,0,0,170,0,NULL,1,NULL,NULL
2727,2727f-95,3:2,7,7,0,3,0,0,7,7,0,10,100,0,0,0,30,0,NULL,1,NULL,NULL
2728,2728f-95,3:2,100,50,0,0,0,0,100,20,100,7,50,0,0,100,0,0,NULL,2,non ferous metal particles aluminum & copper,NULL
2740,2740f-95,3:2,10,7,0,0,0,0,3,0,0,0,0,0,0,0,0,0,NULL,1,NULL,NULL
2742,2742f-95,1:10,0,0,0,0,0,0,0,0,0,0,0,0,0,0,0,0,NULL,1,image only taken,NULL
2749,2749f-95,3:2,50,3,0,3,0,0,0,10,0,3,130,0,0,50,0,0,NULL,1,normal to caution  --  non ferrous metal particles  copper  --  recommend oil chg due to oil degrada,NULL
2755,2755f-95,3:2,7,7,0,3,0,3,7,3,0,0,20,0,0,7,50,0,NULL,1,NULL,NULL
2762,2762f-95,3:2,10,0,0,3,0,0,0,0,0,0,0,0,0,0,0,0,NULL,1,NULL,NULL
2767,2767f-95,1:100,750,0,0,0,0,0,500,0,350,0,0,0,0,0,0,0,NULL,4,NULL,NULL
2768,2768f-95,1:100,750,0,0,0,0,0,0,0,0,0,0,0,0,750,0,0,NULL,4,NULL,NULL
2770,2770f-95,3:2,170,500,0,0,10,0,170,20,20,0,30,0,0,10,0,0,NULL,2,caution to alert,NULL
2772,2772f-95,3:2,30,30,0,0,0,0,30,100,0,0,500,0,0,0,0,0,NULL,2,high amount of silicate particles,NULL
2775,2775f-95,3:2,750,3,0,0,350,0,30,0,0,0,200,0,0,0,0,0,NULL,2,NULL,NULL
2776,2776f-95,3:2,350,170,0,0,20,0,350,0,0,0,0,0,0,0,0,0,NULL,2,caution to alert,NULL
2783,2793f-95,3:2,30,20,0,0,10,0,30,0,0,0,10,0,0,0,10,0,NULL,1,NULL,NULL
2790,2790f-95,3:2,100,50,0,100,0,0,100,100,0,30,0,0,0,10,0,0,NULL,2,NULL,NULL
2791,2791f-95,3:2,7,10,0,0,3,0,0,0,0,3,0,0,0,3,0,3,moly,1,"non ferrous metal particles, aluminum and copper",NULL
2794,2794f-95,3:2,20,10,0,0,0,0,20,0,0,0,0,0,0,7,10,0,NULL,1,NULL,NULL
2795,2795f-95,3:2,350,750,0,0,0,0,350,0,20,0,0,0,0,0,0,50,moly,3,NULL,NULL
2803,2803f-95,3:2,100,100,0,0,0,50,130,10,0,3,20,0,0,20,20,7,moly,2,non ferrous particles copper,NULL
2804,2804f-95,3:2,20,20,0,0,0,40,30,20,20,20,20,0,20,20,0,0,NULL,3,spheres & heated particles,NULL
2807,2807f-95,3:2,100,50,0,0,0,0,100,20,0,200,30,0,0,350,0,0,NULL,3,non ferrous metal particles copper,NULL
2809,2809f-95,3:2,20,20,0,0,0,0,0,20,0,20,20,0,0,20,20,0,NULL,1,NULL,NULL
2810,2810f-95,3:2,500,350,0,20,0,0,350,20,0,10,0,0,0,20,0,0,NULL,4,non ferrous particles copper,NULL
2811,2811f-95,3:2,20,20,0,0,0,10,0,20,20,0,20,0,0,20,20,0,NULL,1,non ferrous metal particles aluminum,NULL
2820,2820-95,3:2,20,20,0,10,0,0,20,10,10,10,10,0,0,20,0,0,NULL,1,normal to caution -- aprx 4 sliding wear particles > 100u,NULL
2821,2821f-95,3:2,20,20,0,20,0,0,30,20,0,20,30,0,0,20,0,0,NULL,1,normal to caution  ---  130u copper sliding wear particle,NULL
2822,2822f-95,3:2,30,20,0,0,0,0,40,20,0,0,20,0,0,20,0,0,NULL,1,NULL,NULL
2823,2823f-95,3:2,3,0,0,0,0,0,0,3,0,0,0,0,0,0,3,0,NULL,1,NULL,NULL
2824,2824f-95,3:2,20,20,0,0,0,0,30,30,0,0,20,0,0,20,0,170,moly,1,normal to caution  -- moly present in large quantites,NULL
2826,2826f-95,3:2,30,10,0,0,0,10,20,20,0,20,20,0,0,0,20,0,NULL,1,NULL,NULL
2827,2827f-95,3:2,20,20,0,0,0,10,20,20,0,20,20,0,0,20,0,0,NULL,1,NULL,NULL
2828,2828f-95,3:2,30,20,0,10,0,0,30,0,0,40,10,0,0,0,0,0,NULL,2,NULL,NULL
2830,2830f-95,3:2,100,20,0,0,0,0,100,30,0,30,50,0,0,20,0,0,NULL,2,NULL,NULL
2831,2831f-95,3:2,200,0,0,0,50,0,20,0,0,0,3,0,0,3,3,0,NULL,2,NULL,NULL
2836,2836f-95,3:2,100,20,0,0,0,0,50,0,50,0,30,0,0,10,20,0,NULL,1,normal to caution,NULL
2838,2838f-95,3:2,40,20,0,3,0,0,30,3,0,0,20,0,0,20,0,0,NULL,1,NULL,NULL
2839,2839f95,3:2,20,3,0,0,0,0,10,10,0,0,0,0,0,10,0,0,NULL,1,NULL,NULL
2841,2841g-95,3:2,200,30,0,0,0,0,130,10,20,0,10,0,0,3,0,0,NULL,2,NULL,NULL
2843,2843f-95,3:2,20,30,0,20,0,0,0,0,0,30,50,0,0,0,0,0,NULL,1,normal to caution  non ferrous metal particles copper(sliding wear),NULL
2845,2845f-95,3:2,20,10,0,10,0,0,0,10,0,10,30,0,20,0,10,0,NULL,1,NULL,NULL
2848,2848f-95,3:2,7,3,0,0,0,0,0,3,0,3,7,0,0,0,3,0,NULL,1,NULL,NULL
2872,2872f-95,3:2,20,10,0,0,0,0,0,10,10,0,30,0,0,20,0,0,NULL,1,NULL,NULL
2876,2876f-95,3:2,3,3,0,3,7,0,0,0,3,0,3,0,0,0,0,0,NULL,1,NULL,NULL
2877,2877f-95,1:10,170,130,0,0,0,0,170,170,20,20,170,0,0,20,20,0,NULL,3,required 10:1 cut to analyze,NULL
2878,2878f-95,3:2,200,100,0,0,0,0,200,100,20,20,30,0,0,20,0,0,NULL,3,cut 10:1 to analyze,NULL
2880,2880f-95,3:2,200,170,0,0,0,0,130,0,20,0,0,0,0,0,0,20,moly,2,NULL,NULL
2885,2885f-95,3:2,20,7,0,3,7,0,0,0,0,0,0,0,0,0,0,0,NULL,1,NULL,NULL
2889,2889f-95,1:10,170,40,0,30,0,0,130,0,30,0,20,0,0,30,10,0,NULL,3,NULL,NULL
2892,2892f-95,3:2,3,3,0,0,0,0,3,0,0,0,3,0,0,3,3,0,NULL,1,NULL,NULL
2900,2900f-95,3:2,50,20,0,10,0,0,0,0,20,0,10,0,0,10,10,0,NULL,1,NULL,NULL
2903,2903f-95,3:2,10,10,0,0,10,10,10,0,0,0,10,0,0,0,10,0,NULL,1,NULL,NULL
2908,2908g-95,3:2,40,20,0,20,10,0,0,10,500,20,30,0,0,20,20,0,NULL,2,corrosive wear particles heavy,NULL
2909,2909f-95,3:2,20,20,0,0,10,10,0,20,0,20,0,0,0,0,10,0,NULL,1,NULL,NULL
2910,2910f-95,3:2,10,7,0,0,0,0,0,10,0,10,20,0,0,0,10,0,NULL,1,normal to caution  - several large 70u copper cutting/sliding wear,NULL
2912,2912f-95,3:2,20,10,0,7,7,0,10,7,0,10,10,0,0,0,0,0,NULL,1,NULL,NULL
2915,2915f-95,3:2,130,170,0,10,100,0,130,30,40,20,30,0,0,0,0,0,NULL,2,non ferrous copper,NULL
2917,2917f-95,3:2,100,20,0,10,0,3,100,3,0,3,7,0,0,0,3,0,NULL,1,normal to catuion,NULL
2918,2918f-95,3:2,3,3,0,0,0,0,0,0,500,3,0,0,0,0,3,0,NULL,2,non ferrous aluminum  --  high corrosive wear,NULL
2921,2921f-95,3:2,30,30,0,30,0,0,0,10,0,100,20,0,0,100,20,0,NULL,2,NULL,NULL
2934,2934f-95,3:2,20,20,0,0,0,0,0,20,0,0,0,0,0,20,0,0,NULL,1,NULL,NULL
2935,2935f-95,3:2,20,20,0,0,20,0,0,20,20,20,30,0,0,20,20,0,NULL,1,normal to caution,NULL
2936,2936f-95,3:2,30,30,0,0,0,0,0,10,0,7,20,0,0,0,10,0,NULL,1,normal to caution  --  non ferrous metal copper,NULL
2938,2938f-95,3:2,20,20,20,0,10,0,0,20,20,10,20,0,0,0,10,0,NULL,1,NULL,NULL
2941,2941f-95,3:2,20,10,0,0,0,0,20,20,20,0,20,0,0,20,0,0,NULL,1,NULL,NULL
2942,2942f-95,3:2,0,0,30,0,0,0,0,20,0,0,0,0,0,0,0,0,NULL,1,NULL,NULL
2948,2948f-95,3:2,20,10,0,0,0,0,20,20,0,20,20,0,0,0,0,0,NULL,1,NULL,NULL
2949,2949f-95,3:2,30,20,0,0,0,0,20,20,0,30,20,0,0,10,0,0,NULL,1,NULL,NULL
2950,2950f-9,3:2,100,50,0,100,0,0,30,0,0,100,0,0,0,0,0,0,NULL,2,NULL,NULL
2952,2952f-95,3:2,20,10,0,0,0,0,0,10,0,20,20,0,0,0,0,0,NULL,1,NULL,NULL
2956,2956F-95,3:2,10,10,0,10,30,0,0,20,350,50,0,0,0,20,0,0,NULL,2,COPPER NON FERROUS,NULL
2959,2959f-95,3:2,200,130,0,0,100,0,0,20,0,350,20,0,0,100,0,0,NULL,3,NULL,NULL
2960,2960f-95,3:2,20,20,0,10,0,3,0,7,20,20,10,0,0,0,0,0,NULL,1,NULL,NULL
2961,2961f-94,3:2,30,20,0,0,20,0,20,20,0,30,20,0,0,20,20,0,NULL,2,NULL,NULL
2962,2962f-95,3:2,20,20,0,0,0,0,20,20,0,0,0,0,0,0,0,0,NULL,1,NULL,NULL
2974,2974f-95,3:2,40,20,0,0,0,0,30,30,20,20,0,0,0,0,0,0,NULL,1,NULL,NULL
2975,2975f-95,3:2,30,0,0,0,0,0,30,0,30,0,20,0,0,20,20,0,NULL,1,NULL,NULL
2984,2984f-95,3:2,30,20,0,10,0,0,30,20,0,0,50,0,0,20,0,0,NULL,1,NULL,NULL
2986,2986f-95,3:2,20,10,0,0,0,0,0,20,0,0,20,0,0,0,0,0,NULL,1,NULL,NULL
2989,2989f-95,3:2,10,10,0,0,0,0,10,0,0,0,10,0,0,10,10,0,NULL,1,NULL,NULL
2993,2993f-95,3:2,20,100,0,50,0,0,20,20,0,0,0,0,0,40,10,0,NULL,2,NULL,NULL
2994,2994f-95,3:2,100,40,0,40,0,0,100,40,30,20,30,0,0,0,20,0,NULL,2,NULL,NULL
3003,3003f-95,3:2,30,10,0,0,10,0,0,0,0,10,0,0,0,0,0,0,NULL,1,NULL,NULL
3004,3004f-95,3:2,10,10,0,0,10,0,0,0,0,10,10,0,0,10,10,0,NULL,1,NULL,NULL
3009,3009f-95,1:10,750,20,0,0,10,0,350,0,750,0,0,0,0,0,0,0,NULL,3,NULL,NULL
3010,3010f-95,3:2,20,20,0,10,0,0,20,0,30,20,0,0,0,0,10,0,NULL,1,NULL,NULL
3011,3011f-95,3:2,20,20,0,7,0,0,0,10,7,7,0,0,0,3,3,0,NULL,1,NULL,NULL
3012,3012f-95,3:2,7,10,0,7,0,0,0,10,0,7,7,0,0,7,7,0,NULL,2,copper particle 200u,NULL
3023,3023f-95,3:2,200,20,0,20,0,0,100,20,40,20,20,0,0,20,0,0,NULL,2,NULL,NULL
3029,3029f-95,3:2,10,20,0,20,0,0,0,0,0,0,0,0,0,0,0,0,NULL,2,NULL,NULL
3030,3030f-95,3:2,10,10,0,10,0,0,0,0,0,0,0,0,0,0,0,0,NULL,1,NULL,NULL
3033,3033f-95,3:2,100,20,0,0,0,0,100,750,0,20,200,0,0,0,0,0,NULL,2,NULL,NULL
3046,3046f-95,3:2,20,10,0,0,0,0,20,20,0,10,0,0,0,0,0,0,NULL,1,NULL,NULL
3061,3061f-95,3:2,20,10,0,20,0,0,0,0,0,30,0,0,0,0,10,0,NULL,2,caution  --  non ferrous particles copper,NULL
3062,3062f-95,3:2,30,30,0,0,0,0,30,0,0,0,0,0,0,20,0,0,NULL,1,normal to caution,NULL
3067,3067f-95,3:2,20,20,0,0,0,0,20,130,0,0,0,0,0,0,0,0,NULL,1,normal to caution  --  high rust,NULL
3068,3068f-95,3:2,20,20,0,0,0,0,20,30,0,0,0,0,0,0,0,0,NULL,1,NULL,NULL
3073,3073f-95,3:2,20,10,0,10,0,0,0,0,20,0,0,0,0,0,0,0,NULL,1,normal to caution,NULL
3074,3074f-95,3:2,20,30,0,0,0,0,20,0,0,0,0,0,0,10,10,0,NULL,1,normal to caution,NULL
3079,3079f-95,3:2,20,20,0,0,0,0,20,50,0,20,0,0,0,10,30,0,NULL,1,NULL,NULL
3084,3084f-95,3:2,20,20,0,0,0,0,0,0,20,20,0,0,0,0,0,0,NULL,1,non ferrous metal aluminum,NULL
3085,3085f-95,3:2,10,10,0,10,0,0,0,0,0,0,0,0,0,0,0,0,NULL,1,NULL,NULL
3100,3100f-95,3:2,200,20,0,0,0,0,130,0,130,0,0,0,0,0,0,0,NULL,2,NULL,NULL
3102,3102f-95,3:2,20,20,0,20,0,0,0,0,0,0,0,0,0,0,0,0,NULL,2,large cutting wear particle,NULL
3104,3104f-95,3:2,100,100,0,20,0,0,100,0,0,0,0,0,0,0,0,0,NULL,2,NULL,NULL
3107,3107f-95,3:2,20,0,10,0,0,0,0,10,0,10,0,0,0,0,10,0,NULL,1,NULL,NULL
3109,3109f-95,3:2,200,30,0,10,0,0,200,20,0,0,0,0,0,0,0,0,NULL,2,NULL,NULL
3110,3110f-95,1:100,500,20,0,0,0,0,200,0,0,20,0,0,0,0,0,0,NULL,3,non ferrous metal  aluminum & copper,NULL
3117,3117f-95,3:2,7,7,0,0,0,0,7,0,0,7,0,0,0,0,0,0,NULL,1,NULL,NULL
3123,3123f-95,3:2,20,10,0,0,0,0,0,0,0,10,10,0,0,0,0,0,NULL,1,NULL,NULL
3124,3124f-95,3:2,10,10,0,0,0,0,0,0,0,10,0,0,0,0,0,0,NULL,1,"non ferrous particles, copper and aluminum",NULL
3125,3125f-95,3:2,20,20,0,10,0,7,0,0,10,0,0,0,0,10,0,0,NULL,1,NULL,NULL
3128,3128f-95,3:2,10,20,0,10,0,0,0,0,0,0,10,0,0,10,10,0,NULL,1,NULL,NULL
3140,3140f-95,3:2,20,10,0,0,0,0,20,0,0,0,0,0,0,10,10,0,NULL,1,normal to caution  --  non ferrous particles copper,NULL
3145,3145f-95,3:2,100,20,0,0,0,0,30,0,0,10,0,0,0,10,0,0,NULL,2,NULL,NULL
3146,3146f-95,3:2,200,20,0,0,0,0,0,0,30,0,0,0,0,0,0,0,NULL,1,normal to caution,NULL
3147,3147f-95,1:10,750,200,0,0,0,750,0,0,0,0,0,0,0,0,0,0,NULL,4,NULL,NULL
3150,3150f-95,1:100,20,0,0,0,0,0,0,0,0,0,0,0,0,0,0,0,NULL,1,grease sample-caked thickener-not able to read correctly,NULL
3151,3151f-95,1:100,20,10,0,0,0,0,0,0,0,0,0,0,0,0,0,0,NULL,3,NULL,NULL
3153,3153f-95,3:2,20,10,0,0,0,0,20,0,0,0,0,0,0,10,10,0,NULL,1,NULL,NULL
3159,3159f-95,3:2,20,20,0,0,0,0,0,0,100,20,0,0,0,0,0,0,NULL,1,non ferrous metal moly,NULL
3160,3160f-95,3:2,20,20,0,0,0,0,20,0,30,0,20,0,0,20,0,0,NULL,1,NULL,NULL
3164,3164f-95,3:2,30,10,0,10,0,0,20,0,20,0,0,0,0,0,10,0,NULL,1,NULL,NULL
3165,3165f-95,3:2,10,7,0,0,0,0,10,10,0,0,0,0,0,0,0,0,NULL,1,NULL,NULL
3166,3166f-95,3:2,10,10,0,0,0,0,0,10,0,0,0,0,0,0,10,0,NULL,1,NULL,NULL
3167,3167f-95,3:2,20,20,0,10,0,0,20,0,20,0,10,0,0,0,10,0,NULL,1,NULL,NULL
3168,3168f-95,3:2,20,20,0,20,0,0,20,0,20,0,0,0,0,0,10,0,NULL,1,NULL,NULL
3172,3172f-95,3:2,20,20,0,0,0,0,0,0,30,0,0,0,0,0,0,0,NULL,1,NULL,NULL
3180,3180f-95,3:2,10,10,0,0,0,0,20,20,100,0,100,0,0,0,10,0,NULL,1,NULL,NULL
3184,3184f-95,3:2,20,20,0,10,10,0,20,0,20,0,0,0,0,0,0,0,NULL,1,NULL,NULL
3185,3185f-95,3:2,100,0,0,0,0,0,100,20,350,0,20,0,0,30,0,0,NULL,2,NULL,NULL
3192,3192f-95,3:2,170,10,0,0,0,0,130,0,100,0,0,0,0,0,0,0,NULL,2,NULL,NULL
3193,3193f-95,3:2,170,50,0,0,0,0,0,0,10,10,0,0,0,0,0,0,NULL,2,non ferrous metal copper,NULL
3194,3194f-95,1:10,170,100,0,0,0,0,170,0,100,0,0,0,0,0,0,0,NULL,3,NULL,NULL
3205,3205f-95,1:10,350,20,0,0,0,0,0,10,100,0,0,0,0,0,10,0,NULL,2,NULL,NULL
3206,3206f-95,3:2,20,20,0,0,0,0,20,20,0,0,0,0,0,0,10,0,NULL,1,NULL,NULL
3208,3208f-95,3:2,40,20,0,10,0,0,0,130,0,0,100,0,0,130,0,0,NULL,2,NULL,NULL
3219,3219f-95,3:2,20,20,0,0,0,0,0,0,20,0,0,0,0,0,0,0,NULL,1,NULL,NULL
3220,3220f-95,3:2,20,20,0,0,0,0,0,0,20,0,0,0,0,0,0,0,NULL,1,NULL,NULL
3224,3224f-95,3:2,170,30,0,0,20,0,0,20,350,0,20,0,0,0,20,0,NULL,2,NULL,NULL
3226,3226f-95,3:2,20,10,0,0,0,0,0,10,0,0,10,0,0,10,0,0,NULL,1,NULL,NULL
3228,3228f-95,3:2,20,20,0,20,0,0,0,0,0,0,0,0,0,0,0,0,NULL,2,NULL,NULL
3229,3229f-95,3:2,20,10,0,0,0,0,10,10,0,0,10,0,0,10,0,0,NULL,1,NULL,NULL
3233,3233f-95,3:2,20,20,0,0,0,0,0,0,20,0,0,0,0,10,10,0,NULL,1,NULL,NULL
3234,3234f-95,3:2,50,30,0,30,0,0,0,20,20,0,0,0,0,20,0,0,NULL,2,caution to alert,NULL
3241,3241f-95,3:2,170,20,0,0,0,0,0,20,0,0,20,0,0,20,0,0,NULL,1,normal to caution,NULL
3243,3243f-95,3:2,20,20,0,0,0,0,20,0,0,0,20,0,0,20,0,0,NULL,1,NULL,NULL
3244,3244f-95,3:2,30,0,0,30,0,0,0,30,200,30,0,0,0,20,0,0,NULL,2,NULL,NULL
3245,3245f-95,3:2,50,30,0,30,0,0,30,0,30,30,0,0,0,20,0,0,NULL,2,non ferrous particles copper,NULL
3248,3248f-95,3:2,30,0,0,40,20,0,20,20,20,30,20,0,0,30,0,0,NULL,2,NULL,NULL
3250,3250f-95,3:2,20,20,0,0,0,0,20,0,0,0,20,0,0,20,0,0,NULL,1,NULL,NULL
3257,3257f-95,3:2,10,0,0,0,0,0,0,10,0,0,10,0,0,10,10,0,NULL,1,NULL,NULL
3260,3260f-95,3:2,20,20,0,0,30,0,20,0,20,0,0,0,0,0,0,0,NULL,1,normal to caution,NULL
3274,3274f-95,3:2,750,130,0,0,0,0,200,0,0,0,0,0,0,0,0,0,NULL,2,NULL,NULL
3282,3282f-95,3:2,750,0,0,0,0,0,350,0,130,0,0,0,0,0,0,20,moly,2,NULL,NULL
3284,3284f-95,3:2,500,50,0,0,0,0,200,0,200,0,0,0,0,0,0,0,NULL,2,NULL,NULL
3298,3298f-95,3:2,1000,130,0,0,0,0,0,0,200,0,0,0,0,0,0,0,NULL,2,NULL,NULL
3300,3300f-95,3:2,750,130,0,0,0,0,350,0,200,0,0,0,0,0,0,0,NULL,2,NULL,NULL
3303,3303f-95,3:2,750,130,0,0,0,0,350,0,0,0,0,0,0,0,0,0,NULL,2,NULL,NULL
3305,3305f-95,3:2,750,130,0,0,0,0,500,0,500,0,0,0,0,0,0,0,NULL,2,NULL,NULL
3311,3311f-95,3:2,10,10,0,10,0,0,10,10,0,0,0,0,0,10,0,0,NULL,1,NULL,NULL
3312,3312f-95,3:2,7,7,0,0,0,0,0,0,0,0,10,0,0,0,0,0,NULL,1,NULL,NULL
3314,3314f-95,3:2,20,10,0,10,0,0,10,0,0,10,0,0,0,0,10,0,NULL,1,NULL,NULL
3316,3316f-95,3:2,20,20,0,0,0,0,0,10,0,0,0,0,0,0,0,0,NULL,2,NULL,NULL
3317,3317f-95,3:2,20,7,0,0,0,0,10,0,0,0,10,0,0,10,0,0,NULL,1,NULL,NULL
3321,3321f-95,3:2,100,20,0,0,0,0,20,0,20,0,20,0,0,0,10,0,moly,1,NULL,NULL
3323,3323f-95,3:2,20,20,0,0,20,0,20,20,20,0,0,0,0,20,0,0,NULL,1,NULL,NULL
3333,3333f-95,3:2,20,20,0,10,0,0,0,10,10,0,0,0,0,10,10,0,NULL,1,NULL,NULL
3336,3336f-95,3:2,20,10,0,0,0,0,0,10,0,0,0,0,0,10,0,0,NULL,1,NULL,NULL
3343,3343f-95,3:2,750,20,0,0,0,0,0,0,750,0,0,0,0,0,0,0,NULL,2,NULL,NULL
3345,3345f-95,3:2,750,10,0,0,0,0,200,0,750,0,0,0,0,0,0,0,NULL,2,NULL,NULL
3346,3346f-95,3:2,3,3,0,0,0,0,0,10,0,0,10,0,0,0,0,0,NULL,1,NULL,NULL
3347,3347f-95,3:2,40,0,30,0,20,0,20,0,0,0,20,0,0,20,0,0,NULL,2,NULL,NULL
3361,3361f-95,3:2,50,20,0,0,0,0,0,0,50,0,0,0,0,0,0,0,NULL,1,NULL,NULL
3362,3362f-95,3:2,20,20,0,0,0,0,0,0,0,0,20,0,0,0,0,0,NULL,1,NULL,NULL
3363,3363f-95,3:2,350,20,0,30,10,0,20,0,0,0,20,0,0,0,0,0,NULL,2,NULL,NULL
3364,3364f-95,3:2,20,20,0,0,10,0,0,10,0,0,0,0,0,10,0,0,NULL,1,NULL,NULL
3369,3369f-95,3:2,350,20,0,0,0,0,0,0,350,0,0,0,0,0,0,0,NULL,2,NULL,NULL
3371,3371f-95,3:2,40,0,0,0,0,0,0,20,0,0,20,0,0,20,10,0,NULL,1,NULL,NULL
3372,3372f-95,3:2,7,0,0,0,0,0,0,7,0,0,0,0,0,7,0,0,NULL,1,NULL,NULL
3408,3408f-95,3:2,3,0,0,0,0,0,7,0,0,0,7,0,0,3,0,0,NULL,1,NULL,NULL
3409,3409f-95,3:2,20,0,0,0,20,0,0,40,0,0,0,0,0,3,50,10,NULL,2,"laminar particles copper  ,  moly present",NULL
3418,3418f-95,3:2,10,10,0,0,0,0,0,0,0,0,0,0,0,10,10,0,NULL,1,NULL,NULL
3419,3419f-95,3:2,10,10,0,0,0,0,0,0,0,0,10,0,0,10,10,0,NULL,1,NULL,NULL
3420,3420f-95,3:2,10,10,0,0,0,0,0,0,0,0,0,0,0,10,0,0,NULL,1,NULL,NULL
3421,3421f-95,3:2,20,20,0,0,0,0,20,0,0,0,0,0,0,20,0,0,NULL,1,NULL,NULL
3422,3422f-95,3:2,10,10,0,0,0,0,10,10,0,0,0,0,0,0,0,0,NULL,1,NULL,NULL
3423,3423f-95,3:2,20,20,0,0,0,10,0,0,0,0,20,0,0,10,0,0,NULL,1,NULL,NULL
3424,3424f-95,3:2,10,0,0,0,0,0,10,0,0,0,0,0,0,10,0,0,NULL,1,NULL,NULL
3425,3425f-95,3:2,20,20,0,0,0,20,0,20,0,0,20,0,0,20,0,0,NULL,2,NULL,NULL
3429,3429f-95,3:2,20,0,0,0,0,0,0,170,0,0,0,170,0,0,0,0,NULL,2,hi rust / Si,NULL
3443,3443f-95,3:2,10,10,0,0,0,0,10,0,0,0,10,0,0,0,0,0,NULL,1,NULL,NULL
3445,3445f-95,3:2,20,20,0,0,0,0,0,10,0,0,0,0,0,20,0,0,NULL,1,NULL,NULL
3446,3446f-95,3:2,10,10,0,0,0,0,0,0,0,0,10,0,0,0,0,0,NULL,1,NULL,NULL
3447,3447f-95,3:2,20,20,0,0,0,0,0,10,0,0,0,0,0,10,0,0,NULL,1,NULL,NULL
3449,3449f-95,3:2,20,20,0,0,0,0,20,20,0,0,0,0,0,20,0,0,NULL,1,NULL,NULL
3452,3452f-95,3:2,1000,20,0,20,0,0,20,0,100,0,20,0,0,0,0,0,NULL,3,NULL,NULL
3455,3455f-95,3:2,3,0,0,3,3,0,0,0,0,0,0,0,0,7,0,0,NULL,1,normal to caution  --  non ferrous particle copper,NULL
3472,3472f-95,3:2,3,0,0,0,0,0,0,0,0,0,0,0,0,0,0,0,NULL,1,NULL,NULL
3475,3475f-02,3:2,50,10,0,0,0,0,0,0,200,0,0,0,0,0,0,0,NULL,3,NULL,500
3476,3476f-02,3:2,40,20,0,0,0,0,0,0,0,0,20,0,0,0,0,0,NULL,3,NULL,500
3487,3487f-95,3:2,500,30,0,0,0,0,0,0,0,30,20,0,0,10,0,0,NULL,2,non ferrous particles copper,NULL
3492,3492f-95,3:2,3,0,0,20,0,0,3,0,20,0,10,0,0,3,3,0,NULL,2,NULL,NULL
3496,3496f-95,3:2,7,7,0,0,0,0,0,0,10,0,10,0,0,7,0,0,NULL,2,NULL,NULL
3503,3503f-95,3:2,130,7,0,3,0,0,20,200,0,50,100,0,0,50,0,7,NULL,2,non ferrous particles copper  --  moly present,NULL
3525,3525f-95,3:2,3,0,0,0,0,0,3,0,0,0,3,0,0,3,0,0,NULL,1,NULL,NULL
3526,3526f-95,3:2,3,0,0,0,0,0,3,0,0,0,3,0,0,3,3,0,NULL,1,NULL,NULL
3532,3532f-95,3:2,7,3,0,0,0,0,3,0,0,0,0,0,0,0,0,0,NULL,1,NULL,NULL
3535,3535f-95,3:2,750,10,0,0,0,0,200,0,0,0,0,0,0,50,0,0,NULL,2,NULL,NULL
3536,3536f-95,3:2,750,30,0,20,0,0,20,0,40,0,20,0,0,0,10,0,NULL,2,NULL,NULL
3549,3549f-95,3:2,20,0,0,0,0,0,0,100,100,0,100,0,0,0,0,0,NULL,2,NULL,NULL
3557,3557f-95,3:2,3,0,0,0,0,0,0,0,0,0,3,0,0,0,3,0,NULL,1,NULL,NULL
3562,3562f-95,3:2,10,0,0,0,10,0,0,0,10,0,10,0,0,10,0,0,NULL,1,NULL,NULL
3566,3566f-95,3:2,100,10,0,0,0,0,20,20,0,0,0,0,0,10,0,0,NULL,2,NULL,NULL
3575,3575f-95,3:2,170,50,0,0,20,0,0,0,0,20,0,0,0,10,10,0,NULL,2,non ferrous particles copper,NULL
3581,3581f-95,1:10,40,0,0,0,40,0,20,350,500,0,170,0,50,20,40,0,NULL,3,NULL,NULL
3588,3588f-95,3:2,10,10,0,0,3,0,3,0,3,0,3,0,0,3,0,0,NULL,1,NULL,NULL
3594,3594f-95,3:2,750,10,0,0,0,350,0,100,100,0,0,0,0,0,0,0,NULL,3,NULL,NULL
3597,3597f-95,3:2,30,20,0,0,0,0,20,0,0,20,10,0,0,0,0,0,NULL,2,NULL,NULL
3602,3602f-95,1:10,350,20,0,10,0,0,100,100,100,0,10,0,0,0,0,0,NULL,3,NULL,NULL
3611,3611f-95,3:2,30,20,0,3,0,0,20,0,0,0,3,0,0,10,3,0,NULL,1,normal to  caution,NULL
3612,3612f-95,3:2,100,30,0,0,30,0,100,100,0,50,50,0,0,50,0,0,NULL,2,NULL,NULL
3620,3620f-95,3:2,10,10,0,0,0,0,10,10,0,0,10,0,0,10,0,0,NULL,1,normal to caution,NULL
3621,3621f-95,3:2,200,10,0,0,0,0,100,10,30,0,0,0,0,20,10,0,NULL,2,NULL,NULL
3622,3622f-95,3:2,130,0,0,3,0,0,100,100,0,0,3,0,0,7,0,0,NULL,2,NULL,NULL
3635,3635f-95,3:2,3,0,0,0,0,0,0,0,3,0,0,0,0,3,0,0,NULL,1,NULL,NULL
3637,3637f-95,3:2,20,0,0,0,0,0,10,0,3,0,0,0,0,3,0,0,NULL,1,NULL,NULL
3640,3640f-95,1:10,130,20,0,0,0,0,100,0,100,0,0,0,0,0,0,0,NULL,2,caution to alert,NULL
3648,3648f-95,3:2,10,7,0,3,3,0,3,0,3,0,0,0,0,3,0,0,NULL,1,NULL,NULL
3651,3651f-95,3:2,100,40,0,0,0,0,40,0,20,0,50,0,0,30,0,0,NULL,2,NULL,NULL
3652,3652f-95,3:2,100,50,0,30,0,0,30,0,30,3,10,0,0,10,7,0,NULL,2,non ferrous metal copper,NULL
3667,3667f-95,3:2,20,10,0,0,0,0,10,0,3,0,3,0,0,0,3,0,NULL,1,NULL,NULL
3671,3671f-95,3:2,20,50,0,170,50,0,0,0,170,170,0,0,0,170,0,0,NULL,3,non ferrous particles copper,NULL
3686,3686f-95,3:2,3,0,0,0,0,0,0,0,0,0,3,0,0,0,3,0,NULL,1,NULL,NULL
3687,3687f-95,3:2,20,10,0,0,0,0,0,0,0,0,0,0,0,10,10,0,NULL,1,NULL,NULL
3696,3696f-95,3:2,20,10,0,0,0,0,20,10,50,0,10,0,0,10,10,0,NULL,1,NULL,NULL
3698,3698f-95,3:2,10,0,0,0,0,0,10,0,0,0,3,0,0,10,0,0,NULL,1,NULL,NULL
3710,3710f-95,3:2,10,7,0,0,0,0,10,10,0,0,20,0,0,0,0,0,NULL,1,NULL,NULL
3712,3712f-95,1:10,350,100,0,0,0,350,0,0,100,0,0,0,0,0,0,0,NULL,2,NULL,NULL
3717,3717f-95,3:2,20,10,0,0,0,0,10,10,20,0,50,0,0,0,10,0,NULL,1,normal to caution,NULL
3720,3720f-95,3:2,10,10,0,0,0,0,0,10,0,0,3,0,0,3,3,0,NULL,1,normal to caution,NULL
3732,3732f-96,3:2,30,10,0,0,0,0,0,0,0,0,3,0,0,3,3,0,NULL,2,large sliding wear 80u particle,NULL
3733,3733f-96,3:2,350,20,0,0,0,0,0,0,100,10,0,0,0,3,3,0,NULL,2,NULL,NULL
3734,3734f-96,3:2,3,0,0,0,0,0,0,0,0,0,0,0,0,3,0,0,NULL,1,NULL,NULL
3743,3743f-96,3:2,100,40,0,20,0,0,0,0,30,0,0,0,0,30,0,0,NULL,2,NULL,NULL
3747,3747f-96,3:2,20,10,0,0,0,0,20,0,0,0,20,0,0,30,0,0,NULL,1,NULL,NULL
3749,3749f-96,3:2,350,20,0,0,0,0,350,0,50,50,0,0,0,20,0,0,NULL,2,NULL,NULL
3753,3753f-96,3:2,20,10,0,0,0,0,20,0,20,0,0,0,0,10,0,0,NULL,1,NULL,NULL
3756,3756f-96,3:2,10,3,0,0,0,0,0,0,0,0,10,0,0,10,0,0,NULL,1,NULL,NULL
3766,3766f-95,3:2,130,0,0,0,0,0,130,0,0,10,0,0,0,20,0,0,NULL,2,non ferrous particles copper,NULL
3767,3767f-96,3:2,130,20,0,3,10,0,50,10,10,10,20,0,0,20,0,0,NULL,2,non ferrous particles copper,NULL
3777,3777f-96,1:100,750,750,0,0,0,0,750,0,1000,0,0,0,0,750,0,0,NULL,2,NULL,NULL
3793,3793f-96,3:2,750,100,0,0,40,0,500,0,130,0,0,0,0,20,0,0,NULL,2,NULL,NULL
3794,3794f-96,3:2,750,170,0,0,0,0,750,0,0,0,0,0,0,0,0,0,NULL,2,NULL,NULL
3795,3795f-96,3:2,750,100,0,0,50,0,750,0,50,0,0,0,0,0,0,0,NULL,2,NULL,NULL
3796,3796f-96,3:2,750,50,40,0,0,0,500,0,100,0,0,0,0,0,0,0,NULL,2,NULL,NULL
3798,3798f-96,3:2,750,0,0,0,0,0,0,170,750,0,170,0,0,0,0,0,NULL,2,NULL,NULL
3803,3803f-96,3:2,40,30,0,0,0,0,20,0,0,0,20,0,0,20,0,0,NULL,1,NULL,NULL
3814,3814f-96,3:2,500,0,0,200,30,0,20,20,40,100,0,0,0,20,0,0,NULL,2,caution to alert  --  non ferrous metal copper,NULL
3816,3816f-96,3:2,20,10,0,0,0,0,10,0,0,0,0,0,0,10,0,0,NULL,1,NULL,NULL
3824,3824f-95,3:2,20,0,0,0,0,0,20,0,0,0,0,0,0,10,0,0,NULL,1,NULL,NULL
3829,3829f-96,3:2,30,20,0,20,0,0,20,10,0,0,0,0,0,20,0,0,NULL,1,NULL,NULL
3831,3831f-96,3:2,20,10,0,10,0,0,20,0,0,0,0,0,0,20,0,0,NULL,2,a large cutting wear particle,NULL
3834,3834f-96,3:2,10,7,0,0,0,0,0,20,0,0,10,0,0,10,0,0,NULL,1,NULL,NULL
3842,3842f-96,3:2,500,30,0,0,0,0,500,0,0,0,0,0,0,0,0,0,NULL,2,caution to alert,NULL
3845,3845f-96,3:2,10,10,0,0,0,0,0,0,10,0,10,0,0,10,10,0,NULL,1,NULL,NULL
3866,3866f-96,3:2,20,20,0,0,0,0,10,0,0,0,0,0,0,20,0,0,NULL,1,NULL,NULL
3868,3868f-96,3:2,350,100,0,0,0,0,350,0,0,0,0,0,0,0,0,0,NULL,2,NULL,NULL
3870,3870f-96,3:2,50,0,0,10,0,0,50,50,0,0,50,0,0,40,40,0,NULL,2,"dirty, large 350u particle",NULL
3883,3883f-96,3:2,40,20,0,40,0,0,0,0,50,0,20,0,0,50,10,0,NULL,2,NULL,NULL
3891,3891f-96,3:2,20,0,0,0,0,0,0,20,100,0,0,0,0,20,0,0,NULL,1,NULL,NULL
3924,3924f-96,3:2,20,0,0,10,0,10,20,10,0,0,20,0,0,20,0,0,NULL,2,NULL,NULL
3926,3926f,3:2,200,20,0,30,0,0,0,0,0,0,0,0,0,20,0,0,NULL,2,NULL,NULL
3932,3932f-96,3:2,0,0,0,0,0,0,0,500,350,0,0,0,0,0,0,0,NULL,2,NULL,NULL
3955,3955f-96,3:2,50,50,0,0,20,0,50,0,0,0,0,0,0,0,0,0,NULL,1,NULL,NULL
3965,3965f-96,3:2,170,50,0,0,50,0,130,0,20,0,0,0,0,30,0,0,NULL,2,NULL,NULL
3969,3969f-96,3:2,750,30,0,0,0,0,0,0,0,0,0,0,0,30,0,0,NULL,2,NULL,NULL
3991,3991f-96,3:2,40,20,0,0,0,0,40,0,0,0,0,0,0,20,0,0,NULL,1,NULL,NULL
3992,3992f-96,3:2,40,30,0,0,0,0,40,0,0,0,20,0,0,20,0,0,NULL,1,NULL,NULL
3995,3995f-96,3:2,40,30,0,0,0,0,40,0,0,0,20,0,0,40,0,0,NULL,1,NULL,NULL
4005,4005f-96,3:2,750,100,0,0,0,0,750,0,200,0,0,0,0,0,0,0,NULL,2,NULL,NULL
4006,4006f-96,3:2,170,130,0,7,30,0,0,0,50,0,0,0,0,20,20,0,NULL,2,NULL,NULL
4007,4007f-96,3:2,500,50,0,0,20,0,500,0,0,0,0,0,0,50,20,0,NULL,2,NULL,NULL
4008,4008f-96,3:2,750,130,0,0,30,0,500,0,50,0,0,0,0,20,10,0,NULL,2,NULL,NULL
4009,4009f-96,3:2,750,30,0,0,0,0,750,0,0,0,0,0,0,100,0,0,NULL,2,NULL,NULL
4010,4010f-96,3:2,500,40,0,0,30,0,350,0,170,0,0,0,0,20,0,0,NULL,2,NULL,NULL
4011,4011f-96,3:2,500,100,0,0,30,0,350,0,0,0,0,0,0,20,0,0,NULL,2,NULL,NULL
4012,4012f-96,3:2,500,40,0,3,40,0,350,0,130,0,20,0,0,100,0,0,NULL,2,NULL,NULL
4013,4013f-96,3:2,500,130,0,3,3,0,350,0,130,0,0,0,0,350,20,0,NULL,2,NULL,NULL
4014,4014f-96,3:2,500,30,0,0,20,0,200,0,0,0,0,0,0,10,10,0,NULL,2,NULL,NULL
4020,4020f-96,3:2,750,50,0,0,0,0,350,0,200,0,0,0,0,0,50,0,NULL,2,NULL,NULL
4034,4034f-96,3:2,170,30,0,10,10,0,130,100,100,0,20,0,0,20,0,0,NULL,2,NULL,NULL
4039,4039f-96,3:2,130,50,0,20,20,0,100,20,30,10,20,0,0,0,10,0,NULL,2,NULL,NULL
4057,4057f-96,3:2,50,20,0,0,0,0,0,0,0,0,0,0,0,20,0,0,NULL,1,NULL,NULL
4058,4058f-96,3:2,40,20,0,0,0,0,0,0,0,0,0,0,0,20,20,0,NULL,1,NULL,NULL
4070,4070f-96,3:2,170,40,0,0,20,0,0,50,170,0,10,0,0,7,10,0,NULL,2,NULL,NULL
4078,4078f-96,3:2,500,10,0,20,100,0,50,0,200,0,0,0,0,0,40,0,NULL,2,heavy copper particles,NULL
4097,4097f-96,3:2,200,50,0,20,20,0,0,10,0,10,10,0,0,10,10,0,NULL,2,non ferrous particles copper,NULL
4098,4098f-96,3:2,170,50,0,0,20,0,0,0,0,20,0,0,0,10,10,0,NULL,2,NULL,NULL
4131,4131f-96,3:2,20,10,0,0,0,0,0,500,200,0,0,0,0,0,0,0,NULL,2,Hi Rust,NULL
4134,4134f-96,3:2,50,20,0,0,0,0,50,0,0,130,0,0,0,10,10,0,NULL,2,NULL,NULL
4137,4137f-95,3:2,130,30,0,10,0,0,0,0,0,10,10,0,0,20,0,0,NULL,2,NULL,NULL
4155,4155f-96,3:2,200,20,0,0,0,0,0,10,0,0,0,0,0,10,0,0,NULL,2,NULL,NULL
4175,4175f-96,3:2,200,20,0,0,0,0,20,0,0,0,0,0,0,20,0,0,NULL,1,NULL,NULL
4177,4177f-96,3:2,500,20,0,0,40,0,170,0,0,0,0,0,0,0,0,0,NULL,2,NULL,NULL
4178,4178f-96,3:2,50,20,0,0,10,0,40,20,0,0,0,0,0,20,0,0,NULL,1,NULL,NULL
4188,4188f-96,3:2,40,10,0,0,0,0,20,0,0,0,0,0,0,20,10,0,NULL,1,NULL,NULL
4194,4194f-96,3:2,20,10,0,0,0,7,0,10,0,0,10,0,0,0,0,0,NULL,1,NULL,NULL
4195,4195f-96,3:2,10,0,0,0,0,0,0,0,0,0,10,0,0,10,0,0,NULL,1,NULL,NULL
4196,4196f-96,3:2,10,0,0,0,0,0,0,10,0,0,10,0,0,10,0,0,NULL,1,NULL,NULL
4197,4197f-96,3:2,40,10,0,0,0,3,0,0,0,0,0,0,0,10,3,0,NULL,1,NULL,NULL
4198,4198f-96,3:2,20,7,0,0,0,0,10,0,0,7,0,0,0,7,3,0,NULL,1,non ferrous metal copper,NULL
4199,4199f-96,3:2,20,0,0,0,0,0,0,0,0,0,10,0,0,10,7,0,NULL,1,NULL,NULL
4204,4204f-96,3:2,20,0,0,0,0,0,0,0,0,100,0,0,0,10,0,0,NULL,2,high moly content,NULL
4209,4209f-96,3:2,3,0,0,0,0,3,0,0,0,0,0,0,0,20,3,3,NULL,1,other moly,NULL
4210,4210f-96,3:2,10,0,0,0,20,3,0,0,0,0,0,0,0,10,0,3,NULL,1,other moly,NULL
4211,4211f-96,3:2,0,0,0,0,0,0,0,0,0,0,0,0,0,3,3,0,NULL,1,NULL,NULL
4212,4212f-96,3:2,200,100,0,50,0,0,40,0,0,0,40,0,0,30,0,0,NULL,2,NULL,NULL
4213,4213f-96,3:2,170,30,0,20,0,7,30,10,0,20,0,0,0,20,10,0,NULL,2,NULL,NULL
4214,4214f-96,3:2,0,0,0,0,0,0,0,0,0,0,0,0,0,3,3,0,NULL,1,NULL,NULL
4215,4215f-96,3:2,500,100,0,0,0,0,100,0,0,0,0,0,0,20,10,0,NULL,2,NULL,NULL
4224,4224f-96,3:2,20,10,0,0,0,0,0,0,0,0,10,0,0,10,10,0,NULL,1,NULL,NULL
4250,4250f-96,3:2,200,50,0,0,20,0,0,0,0,30,0,0,0,20,20,0,NULL,2,non ferrous particles copper,NULL
4284,4284f-96,3:2,170,20,0,0,10,0,0,0,0,20,0,0,0,0,0,0,NULL,2,non ferrous metal copper,NULL
4291,4291f-96,1:10,750,100,0,0,20,0,0,0,200,0,0,0,0,0,0,0,NULL,2,NULL,NULL
4313,4313f-96,3:2,20,10,0,0,0,0,0,0,0,0,0,0,0,0,0,0,NULL,1,NULL,NULL
4316,4316f-96,3:2,30,20,0,0,0,0,20,20,0,0,0,0,0,20,20,0,NULL,1,NULL,NULL
4333,433f-96,3:2,0,0,0,0,0,0,0,0,0,0,0,0,0,3,0,0,NULL,1,NULL,NULL
4341,4341f-96,3:2,0,0,0,0,3,0,0,0,0,0,0,0,0,30,7,0,NULL,1,NULL,NULL
4347,4347f-96,1:10,350,100,0,0,0,0,0,0,350,0,0,0,0,50,50,0,NULL,2,NULL,NULL
4348,4348f-96,3:2,750,130,0,0,0,0,350,0,200,0,0,0,0,20,20,0,NULL,2,NULL,NULL
4349,4349f-96,3:2,1000,130,0,0,0,0,750,750,0,0,0,0,0,0,50,0,NULL,2,NULL,NULL
4359,4359f-96,3:2,20,20,0,0,0,0,0,0,30,0,20,0,0,10,10,0,NULL,1,NULL,NULL
4360,4360-96,3:2,10,10,0,0,0,0,0,0,0,0,10,0,0,10,10,0,NULL,1,NULL,NULL
4361,4361f-96,3:2,10,10,0,0,0,0,10,0,10,0,10,0,0,10,10,0,NULL,1,NULL,NULL
4362,4362f-96,3:2,20,10,0,0,0,0,20,0,0,20,20,0,0,20,0,0,NULL,1,NULL,NULL
4363,4363f-96,3:2,50,20,0,10,0,0,20,0,20,0,0,0,0,10,10,0,NULL,1,normal to caution,NULL
4364,4364f-96,3:2,20,20,0,0,0,0,0,130,0,0,0,0,0,10,10,0,NULL,2,high rust,NULL
4365,4365f-96,3:2,20,10,0,0,0,0,0,50,0,0,0,0,0,20,20,0,NULL,2,rust,NULL
4377,4377f-96,3:2,10,10,0,0,0,0,20,0,0,0,10,0,0,10,0,0,NULL,1,NULL,NULL
4379,4379f-96,3:2,20,10,0,0,0,0,20,0,0,0,0,0,0,20,0,0,NULL,1,NULL,NULL
4383,4383f-96,3:2,20,20,0,0,0,0,20,0,0,0,0,0,0,20,20,0,NULL,1,NULL,NULL
4392,4392f-96,3:2,50,20,0,20,20,0,50,0,50,0,0,0,0,30,30,0,NULL,2,NULL,NULL
4393,4393f-96,3:2,10,10,0,0,0,0,0,0,0,0,0,0,0,10,0,0,NULL,1,NULL,NULL
4410,4410f-96,3:2,20,10,0,0,0,0,10,0,0,0,0,0,0,10,10,0,NULL,1,NULL,NULL
4411,4411f-96,3:2,20,10,0,0,0,0,20,0,0,0,0,0,0,10,10,0,NULL,1,NULL,NULL
4412,4412f-96,3:2,350,20,0,10,0,0,20,0,20,0,0,0,0,0,0,0,NULL,2,NULL,NULL
4413,4413f-96,3:2,350,350,0,100,0,0,0,0,0,50,0,0,0,50,20,0,NULL,2,caution to alert - nonferrous copper,NULL
4421,4421f-96,3:2,20,20,0,0,0,0,0,0,20,0,0,0,0,10,20,0,NULL,1,NULL,NULL
4422,442f-96,3:2,750,40,0,0,0,0,750,0,350,0,0,0,0,0,0,0,NULL,2,caution to alert,NULL
4423,4423f-96,3:2,500,50,0,0,0,0,0,0,100,0,0,0,0,20,20,0,NULL,2,NULL,NULL
4424,4424f-96,3:2,750,0,0,0,0,0,500,200,500,0,0,0,0,20,20,0,NULL,2,caution to alert,NULL
4425,4425f-96,3:2,750,20,0,0,0,0,500,0,750,0,0,0,0,30,20,0,NULL,2,NULL,NULL
4439,4439f-96,3:2,200,100,0,20,30,0,100,50,0,0,0,0,0,40,40,0,NULL,2,NULL,NULL
4441,4441f-96,3:2,10,20,0,0,0,0,10,0,10,0,0,0,0,10,10,0,NULL,2,large 450u chunk,NULL
4448,4448f-96,3:2,100,40,0,20,0,0,40,0,200,0,0,0,0,10,10,0,NULL,2,NULL,NULL
4450,4450f-96,3:2,10,10,0,0,0,0,10,0,10,0,0,0,0,10,10,0,NULL,1,NULL,NULL
4465,4465f-96,3:2,170,30,0,10,0,0,130,130,50,0,50,0,0,20,0,0,NULL,2,NULL,NULL
4466,4466f-96,3:2,170,50,0,0,0,0,130,50,0,0,50,0,0,50,0,0,NULL,2,NULL,NULL
4471,4471f-96,3:2,100,10,0,0,0,0,50,0,50,0,0,0,0,20,20,0,NULL,2,large 350u chunk,NULL
4472,4472f-96,3:2,30,20,0,0,0,0,30,0,30,0,20,0,0,10,10,0,NULL,2,650u chunk at exit of slide  --  200u chunk @ entrance,NULL
4485,4485f-96,3:2,20,10,0,0,0,0,0,0,20,0,10,0,0,10,10,0,NULL,1,NULL,NULL
4486,4486f-96,3:2,130,40,0,50,0,0,50,0,0,0,0,0,0,20,20,0,NULL,2,NULL,NULL
4487,4487f-96,3:2,10,10,0,0,0,0,0,0,0,0,10,0,0,10,10,0,NULL,1,NULL,NULL
4488,4488f-96,3:2,10,10,0,0,0,0,10,10,0,0,0,0,0,10,10,0,NULL,1,NULL,NULL
4489,4489f-96,3:2,20,10,0,0,0,0,0,10,10,0,10,0,0,10,10,0,NULL,1,NULL,NULL
4498,4498f-96,3:2,350,50,0,10,20,0,0,0,200,0,0,0,0,20,20,0,NULL,2,NULL,NULL
4502,4502f-96,3:2,20,10,0,0,0,0,10,0,0,0,0,0,0,10,10,0,NULL,1,NULL,NULL
4504,4504f-96,3:2,20,0,0,10,10,0,0,0,20,0,0,0,0,10,10,0,NULL,2,large cutting wear,NULL
4507,4507f-96,3:2,20,10,0,20,20,0,0,0,20,0,10,10,0,10,0,0,NULL,2,large 700u particle,NULL
4513,4513f-96,3:2,10,10,0,0,0,0,0,0,0,0,10,0,0,10,10,0,NULL,1,NULL,NULL
4516,4516f-96,3:2,100,20,0,10,0,0,0,500,50,0,0,0,0,10,10,0,NULL,2,caution to alert,NULL
4518,4518f-96,3:2,200,20,0,0,10,0,170,20,200,0,10,0,0,20,10,0,NULL,2,NULL,NULL
4527,4527f-96,3:2,10,10,0,0,0,0,0,0,0,0,0,0,0,10,10,0,NULL,1,NULL,NULL
4528,4528f-96,3:2,10,10,0,0,0,0,0,0,10,0,0,0,0,10,10,0,NULL,1,NULL,NULL
4529,4529f-96,3:2,20,20,0,0,0,0,0,0,0,0,0,0,0,20,20,0,NULL,1,NULL,NULL
4535,4535f-96,3:2,350,100,0,20,20,0,350,40,350,0,20,20,0,20,10,0,NULL,2,NULL,NULL
4542,4542f-96,3:2,10,10,0,0,0,0,10,0,20,0,20,0,0,0,0,0,NULL,1,NULL,NULL
4544,4544f-96,3:2,10,10,0,0,0,0,0,0,10,0,0,0,0,0,0,0,NULL,2,large 350u sliding wear particle,NULL
4545,4545f-96,3:2,50,20,0,20,0,0,0,0,0,0,0,0,0,0,0,0,NULL,2,some cutting wear,NULL
4546,4546f-96,3:2,170,100,0,0,20,0,0,0,100,0,0,0,0,20,10,0,NULL,2,NULL,NULL
4547,4547f-96,3:2,200,50,0,20,20,0,100,20,130,0,40,0,0,10,10,0,NULL,2,NULL,NULL
4551,4551f-96,3:2,20,20,0,0,0,0,0,0,0,0,0,0,0,10,10,0,NULL,1,NULL,NULL
4556,4556f-96,3:2,10,10,0,0,0,0,0,0,0,0,0,0,0,10,10,0,NULL,1,NULL,NULL
4559,4559f-96,3:2,20,10,0,10,0,0,10,10,0,0,0,0,0,10,0,0,NULL,1,NULL,NULL
4563,4563f-96,3:2,10,0,10,0,0,0,0,0,0,0,0,0,0,10,10,0,NULL,1,NULL,NULL
4565,4565f-96,3:2,750,100,0,100,30,0,350,0,0,0,0,0,0,0,0,0,NULL,2,NULL,NULL
4566,4566f-96,3:2,20,10,0,0,0,0,0,0,0,0,0,0,0,10,10,0,NULL,1,NULL,NULL
4568,4568f-96,3:2,170,40,0,0,0,0,170,20,0,0,0,0,0,20,20,0,NULL,2,NULL,NULL
4570,4570f-96,3:2,10,10,0,0,0,0,0,0,0,0,0,0,0,10,10,0,NULL,1,NULL,NULL
4571,4571f-96,3:2,10,7,0,0,0,0,0,0,0,0,0,0,0,10,7,0,NULL,1,NULL,NULL
4575,4575f-96,3:2,7,0,0,0,0,0,0,0,0,0,0,0,0,10,0,30,moly,1,NULL,NULL
4586,4586f-96,3:2,10,0,0,0,3,0,0,0,0,0,0,0,0,30,3,7,moly,1,NULL,NULL
4588,4588f-96,3:2,50,0,0,3,40,0,100,0,7,0,0,0,0,30,0,0,NULL,2,250u cutting wear particle,NULL
4590,4590f-96,3:2,20,0,0,0,20,0,20,3,130,0,0,0,0,20,0,0,NULL,2,NULL,NULL
4591,4591f-96,3:2,130,30,0,0,30,0,40,0,20,0,10,0,0,20,0,0,NULL,2,NULL,NULL
4592,4592f-96,3:2,10,10,0,0,0,0,0,0,10,0,0,0,0,10,10,0,NULL,1,NULL,NULL
4594,4594f-96,3:2,20,0,0,0,10,0,0,0,0,0,10,0,0,10,10,0,NULL,1,normal to caution,NULL
4595,4595f-96,3:2,200,20,0,3,0,0,200,20,20,0,0,0,0,10,10,0,NULL,2,NULL,NULL
4596,4596f-96,3:2,350,20,0,0,0,0,200,0,200,0,0,0,0,20,20,0,NULL,2,NULL,NULL
4598,4598f-96,3:2,10,0,0,0,0,0,0,0,0,0,0,0,0,10,10,0,NULL,1,NULL,NULL
4599,4599f-96,3:2,350,50,0,0,20,0,350,0,50,0,0,0,0,0,0,0,NULL,2,NULL,NULL
4600,4600f-96,3:2,170,30,0,10,0,0,0,0,40,10,10,0,0,10,10,0,NULL,2,NULL,NULL
4603,4603f-96,3:2,350,20,0,0,0,0,0,0,50,0,0,0,0,0,0,0,NULL,2,NULL,NULL
4604,4604f-96,3:2,350,20,0,0,30,0,200,0,200,0,0,0,0,40,40,0,NULL,2,NULL,NULL
4605,4605f-96,3:2,130,0,0,0,0,0,0,0,130,0,0,0,0,20,20,0,NULL,1,no lage or abnormal particles,NULL
4606,4606f-96,3:2,350,40,0,0,40,0,0,0,350,0,0,0,0,20,20,0,NULL,2,NULL,NULL
4607,4607f-96,3:2,200,10,0,0,0,0,0,0,100,0,0,0,0,20,0,0,NULL,1,normal to caution,NULL
4608,4608f-96,3:2,350,20,0,0,20,0,0,0,130,0,20,0,0,20,10,0,NULL,1,normal to caution,NULL
4609,4609f-96,3:2,350,50,0,0,20,0,0,0,0,0,0,0,0,20,10,0,NULL,2,NULL,NULL
4610,4610f-96,3:2,30,10,0,0,0,0,0,0,0,0,0,0,0,10,10,0,NULL,1,NULL,NULL
4615,4615f-96,3:2,10,7,0,0,0,0,0,0,10,0,0,0,0,10,10,0,NULL,1,NULL,NULL
4616,4616f-96,3:2,170,30,0,10,0,0,130,20,0,10,20,0,0,20,20,0,NULL,2,NULL,NULL
4617,4617f-96,3:2,200,30,0,0,40,0,100,0,0,0,0,0,0,100,20,0,NULL,2,NULL,NULL
4618,4618f-96,3:2,10,10,0,0,0,0,0,10,0,0,10,0,0,10,10,0,NULL,1,NULL,NULL
4619,4619f-96,3:2,10,7,0,0,0,0,0,0,0,0,0,0,0,7,7,0,NULL,1,NULL,NULL
4620,4620f-96,3:2,350,100,0,40,30,0,200,0,30,40,30,0,0,50,30,0,NULL,2,NULL,NULL
4641,4641f-96,3:2,7,0,0,0,0,0,0,0,0,0,0,0,0,7,3,0,NULL,1,NULL,NULL
4645,4645f-96,3:2,7,3,0,0,0,0,0,7,0,0,0,0,0,10,10,0,NULL,1,NULL,NULL
4646,4646f-96,3:2,10,0,0,0,0,0,0,0,0,0,0,0,0,10,10,0,NULL,1,NULL,NULL
4647,4647f-96,3:2,10,0,0,0,0,0,0,0,0,0,0,0,0,10,10,0,NULL,1,NULL,NULL
4648,4648f-96,3:2,20,10,0,0,0,0,0,0,20,0,0,0,0,10,10,0,NULL,1,NULL,NULL
4649,4649f-96,3:2,20,10,0,0,0,0,0,0,0,0,0,0,0,20,10,0,NULL,1,NULL,NULL
4653,4653f-96,3:2,10,0,0,0,0,0,10,0,10,0,0,0,0,10,10,0,NULL,1,NULL,NULL
4654,4654f-96,3:2,10,0,0,0,0,0,0,0,0,0,10,0,0,10,10,0,NULL,1,NULL,NULL
4655,4655f-96,3:2,20,7,0,0,0,0,0,0,0,0,0,0,0,20,10,0,NULL,1,NULL,NULL
4656,4656f-96,3:2,10,0,0,0,0,0,0,0,20,0,0,0,0,10,10,0,NULL,1,NULL,NULL
4665,4665f-96,3:2,7,0,0,0,0,0,0,0,0,0,0,0,0,7,0,0,NULL,1,NULL,NULL
4670,4670f-96,3:2,10,0,0,0,0,0,0,0,10,0,0,0,0,10,10,0,NULL,1,NULL,NULL
4671,4671f-96,3:2,20,10,0,0,0,0,0,0,10,0,0,0,0,10,0,0,NULL,1,NULL,NULL
4672,4672f-96,3:2,10,10,0,0,0,0,0,0,0,0,0,0,0,10,0,0,NULL,1,NULL,NULL
4673,4673f-96,3:2,10,10,0,0,0,0,0,0,0,0,0,0,0,10,0,0,NULL,1,NULL,NULL
4674,4674f-96,3:2,30,0,0,0,0,0,0,0,20,0,0,0,0,10,10,0,NULL,1,NULL,NULL
4676,4676f-96,3:2,10,0,0,0,0,0,0,0,0,0,0,0,0,10,0,0,NULL,1,NULL,NULL
4679,4679f-96,3:2,10,3,0,0,0,0,0,0,0,0,0,0,0,10,10,0,NULL,1,NULL,NULL
4681,4681f-96,3:2,20,10,0,0,0,0,0,0,0,0,0,0,0,10,10,0,NULL,1,NULL,NULL
4682,4682f-96,3:2,10,7,0,0,0,0,0,0,0,0,0,0,0,10,10,0,NULL,1,NULL,NULL
4684,4684f-96,3:2,7,0,0,0,0,0,0,0,0,0,0,0,0,7,7,0,NULL,1,NULL,NULL
4689,4689f-96,3:2,100,20,0,10,0,0,100,20,20,0,0,0,0,0,20,0,NULL,2,NULL,NULL
4699,4699f-96,3:2,10,10,0,0,0,0,0,0,0,0,0,0,0,10,0,0,NULL,1,NULL,NULL
4702,4702f-96,3:2,100,30,0,10,10,0,30,0,20,0,0,0,0,10,10,0,NULL,2,NULL,NULL
4703,4703f-96,3:2,170,30,0,10,0,0,130,20,30,0,20,0,0,20,0,0,NULL,2,NULL,NULL
4704,4704f-96,3:2,10,7,0,0,0,0,0,0,0,0,0,0,0,10,7,0,NULL,1,NULL,NULL
4708,4708f-96,3:2,10,7,0,0,0,0,0,0,0,0,10,0,0,10,10,0,NULL,1,NULL,NULL
4721,4721f-96,3:2,10,10,0,0,0,0,0,0,0,0,0,0,0,10,10,0,NULL,1,NULL,NULL
4722,4722-96,3:2,10,0,0,0,0,0,0,0,0,0,0,0,0,10,10,0,NULL,1,NULL,NULL
4724,4724f-96,3:2,10,7,0,0,0,0,0,0,10,0,0,0,0,10,10,0,NULL,1,NULL,NULL
4725,4725f-96,3:2,10,0,0,0,0,0,0,0,0,0,0,0,0,10,7,0,NULL,1,NULL,NULL
4728,4728f-96,3:2,10,10,0,0,0,0,0,0,0,0,10,0,0,10,7,0,NULL,1,NULL,NULL
4731,4731f-96,3:2,50,30,20,0,20,0,40,20,20,0,0,0,0,20,10,0,NULL,2,large 300u sliding wear particle,NULL
4734,4734f-96,3:2,500,200,0,20,20,0,350,170,100,0,20,0,0,50,10,0,NULL,2,NULL,NULL
4735,4735f-96,3:2,10,0,0,0,0,0,0,0,0,0,0,0,0,10,7,0,NULL,1,NULL,NULL
4736,4736f-96,3:2,20,20,0,0,0,0,0,0,0,0,0,0,0,20,10,0,NULL,1,NULL,NULL
4737,4737f-96,3:2,10,0,0,0,0,0,0,0,0,0,0,0,0,10,10,0,NULL,1,NULL,NULL
4738,4738f-96,3:2,750,20,0,20,0,0,0,10,170,0,0,0,0,20,20,0,NULL,2,NULL,NULL
4739,4739f-96,3:2,20,10,0,0,0,0,10,0,0,0,0,0,0,10,10,0,NULL,1,NULL,NULL
4740,4740f-96,3:2,10,0,0,0,0,0,0,0,0,0,0,0,0,10,10,0,NULL,1,NULL,NULL
4743,4743f-96,3:2,20,20,0,0,0,0,0,0,20,0,0,0,0,20,20,0,NULL,1,NULL,NULL
4744,4744f-96,3:2,10,7,0,0,0,0,0,0,0,0,0,0,0,10,10,0,NULL,1,NULL,NULL
4746,4746f-96,3:2,30,10,0,10,0,0,20,0,0,0,0,0,0,20,20,0,NULL,2,NULL,NULL
4749,4749f-96,3:2,40,10,0,3,0,0,30,0,20,0,10,0,0,10,10,0,NULL,1,NULL,NULL
4750,4750f-96,3:2,100,30,0,10,10,0,30,0,30,0,0,0,0,30,30,0,NULL,2,NULL,NULL
4751,4751f-96,3:2,3,0,0,0,0,0,3,0,0,0,0,0,0,3,3,0,NULL,1,NULL,NULL
4758,4758f-96,3:2,750,20,0,0,0,0,0,200,350,0,0,0,0,30,0,0,NULL,2,NULL,NULL
4759,4759f-96,3:2,10,7,0,10,0,0,10,0,0,0,0,0,0,10,10,0,NULL,1,normal to caution - 80u cutting particle,NULL
4764,4764f-96,3:2,50,30,0,20,20,0,40,10,20,0,0,0,0,20,20,0,NULL,2,NULL,NULL
4765,4765f-96,3:2,50,20,0,10,10,0,40,0,20,0,20,0,0,20,20,0,NULL,2,NULL,NULL
4766,4766f-96,3:2,10,0,0,0,0,0,0,0,0,0,0,0,0,10,10,0,NULL,1,NULL,NULL
4773,4773f-96,3:2,30,20,0,20,0,0,20,0,20,0,0,0,0,20,20,0,NULL,2,NULL,NULL
4775,4775f-96,3:2,10,10,0,0,0,0,0,0,0,0,0,0,0,10,10,0,NULL,1,NULL,NULL
4776,4776f-96,3:2,10,7,0,0,0,0,0,0,0,0,0,0,0,10,7,0,NULL,1,NULL,NULL
4778,4778f-96,3:2,10,10,0,0,0,0,0,0,0,0,0,0,0,10,10,0,NULL,1,NULL,NULL
4779,4779f-96,3:2,20,20,0,0,10,0,0,0,30,0,0,0,0,20,10,0,NULL,2,NULL,NULL
4780,4780f-96,3:2,10,10,0,0,0,0,10,0,0,0,0,0,0,10,0,0,NULL,1,NULL,NULL
4781,4781f-96,3:2,10,10,0,0,0,0,0,0,0,0,0,0,0,10,10,0,NULL,1,NULL,NULL
4787,4787f-96,3:2,30,30,0,0,0,0,20,10,0,0,0,0,0,20,20,0,NULL,1,NULL,NULL
4790,4790f-96,3:2,750,10,0,0,10,0,500,0,170,0,20,0,0,20,0,0,NULL,2,NULL,NULL
4792,4792f-96,3:2,10,0,0,0,0,0,0,0,0,0,0,0,0,10,7,0,NULL,1,NULL,NULL
4793,4793f-96,3:2,30,20,0,0,0,0,20,20,0,0,50,0,0,30,10,0,NULL,2,NULL,NULL
4798,4798f-96,3:2,350,100,0,100,40,0,200,30,200,0,50,0,0,50,10,0,NULL,2,caution to alert,NULL
4802,4802f-96,3:2,10,10,0,0,0,0,10,0,0,0,0,0,0,10,10,0,NULL,1,NULL,NULL
4803,4803f-96,3:2,10,10,0,0,0,0,10,0,0,0,0,0,0,10,10,0,NULL,1,NULL,NULL
4804,4804f-96,3:2,10,10,0,0,0,0,10,0,0,0,0,0,0,10,10,0,NULL,1,NULL,NULL
4805,4805f-96,3:2,10,10,0,0,0,0,10,0,0,0,0,0,0,10,10,0,NULL,2,large 400u particle,NULL
4806,4806f-96,3:2,10,10,0,0,0,0,10,0,20,0,20,0,0,20,20,0,NULL,1,NULL,NULL
4807,4807f-96,3:2,20,10,0,0,0,0,10,10,0,0,0,0,0,10,10,0,NULL,1,NULL,NULL
4816,4816f-96,3:2,200,200,0,0,0,0,0,0,350,0,0,0,0,50,10,0,NULL,2,NULL,NULL
4824,4824f-96,3:2,350,50,0,20,10,0,200,0,200,0,20,0,0,20,20,0,NULL,2,NULL,NULL
4825,4825f-96,3:2,7,3,0,0,0,0,0,0,0,0,0,0,0,7,7,0,NULL,1,NULL,NULL
4827,4827f-96,3:2,170,20,0,10,0,0,170,20,40,0,0,0,0,20,10,0,NULL,2,NULL,NULL
4828,4828f-96,3:2,30,20,0,0,0,0,20,0,20,0,10,0,0,20,10,0,NULL,1,NULL,NULL
4835,4835f-96,3:2,10,10,0,0,0,0,10,10,10,0,0,0,0,10,10,0,NULL,1,NULL,NULL
4840,4840f-96,3:2,10,10,0,3,0,0,10,0,0,0,0,0,0,20,20,0,NULL,1,NULL,NULL
4845,4845f-96,3:2,10,10,0,0,0,0,0,0,0,0,0,0,0,10,10,0,NULL,1,NULL,NULL
4847,4847f-96,3:2,40,20,0,10,10,0,20,20,20,0,0,0,0,20,20,0,NULL,2,NULL,NULL
4850,4850f-96,3:2,20,20,0,0,0,0,0,0,0,0,0,0,0,20,20,0,NULL,1,normal to caution,NULL
4851,4851f-96,3:2,20,20,0,0,0,0,20,0,0,0,20,0,0,10,10,0,NULL,1,NULL,NULL
4853,4853f-96,3:2,20,20,0,0,0,0,10,10,0,0,0,0,0,20,10,0,NULL,1,NULL,NULL
4854,4854f-96,3:2,40,30,0,30,0,0,20,0,20,0,10,0,0,20,0,0,NULL,2,NULL,NULL
4856,4856f-96,3:2,750,20,0,0,20,0,350,500,100,0,40,0,0,20,0,0,NULL,2,NULL,NULL
4858,4858f-96,3:2,170,30,0,0,30,0,0,0,40,0,0,0,0,20,0,0,NULL,2,NULL,NULL
4859,4859f-96,3:2,20,10,0,0,10,0,0,0,20,0,10,0,0,10,10,0,NULL,1,NULL,NULL
4864,4864f-96,3:2,10,10,0,0,0,0,0,10,0,0,0,0,0,10,10,0,NULL,1,NULL,NULL
4865,4865f-96,3:2,130,50,0,0,30,0,50,10,0,0,0,0,0,0,0,0,NULL,2,NULL,NULL
4870,4870f-96,3:2,10,7,0,0,0,0,10,0,20,0,0,0,0,10,10,0,NULL,1,NULL,NULL
4874,4874f-96,3:2,7,7,0,0,0,0,0,0,0,0,0,0,0,3,3,0,NULL,1,NULL,NULL
4875,4875f-96,3:2,7,7,0,0,0,0,0,0,7,0,0,0,0,7,7,0,NULL,1,NULL,NULL
4876,4876f-96,3:2,20,10,0,0,10,0,0,0,20,0,10,0,0,10,10,0,NULL,1,NULL,NULL
4891,4891f-96,3:2,30,20,0,7,10,0,20,20,30,0,0,0,0,20,20,0,NULL,2,NULL,NULL
4911,4911f-96,3:2,10,10,0,0,0,0,0,0,0,0,0,0,0,10,10,0,NULL,1,NULL,NULL
4912,4912f-96,3:2,20,20,10,0,0,0,0,0,10,0,0,0,0,10,10,0,NULL,2,2 large 200u particles,NULL
4914,4914f-96,3:2,750,50,0,0,0,0,350,0,750,0,0,0,0,20,0,0,NULL,2,NULL,NULL
4916,4916f-96,3:2,20,10,0,0,0,0,20,10,10,0,10,0,0,10,10,0,NULL,1,NULL,NULL
4920,4920f-96,3:2,10,10,0,0,0,0,0,0,10,0,0,0,0,10,10,0,NULL,1,NULL,NULL
4926,4926f-96,3:2,20,10,0,0,0,0,0,0,20,0,0,0,0,10,10,0,NULL,1,NULL,NULL
4929,4929f-96,3:2,20,20,0,0,0,0,20,10,10,0,0,0,0,10,10,0,NULL,1,NULL,NULL
4937,4937f-96,3:2,130,0,0,0,0,0,100,0,350,0,0,0,0,200,20,0,NULL,2,NULL,NULL
4938,4938f-96,3:2,30,20,0,0,0,0,20,0,30,0,0,0,0,20,10,0,NULL,1,NULL,NULL
4939,4939f-96,3:2,130,50,0,0,20,0,0,0,50,0,0,0,0,10,10,0,NULL,2,NULL,NULL
4943,4943f-96,3:2,10,7,0,0,0,0,0,0,10,0,0,0,0,10,10,0,NULL,1,NULL,NULL
4948,4948F-96,3:2,350,130,0,40,40,0,130,0,130,130,0,0,0,10,30,0,NULL,2,NULL,NULL
4952,4952f-96,3:2,500,100,20,0,0,0,350,10,50,0,0,0,0,10,10,0,NULL,2,NULL,NULL
4985,4985f-96,3:2,750,20,0,0,0,0,500,20,0,0,0,0,0,0,0,0,NULL,2,NULL,NULL
4989,4989f-96,3:2,10,10,0,0,0,0,0,0,20,0,0,0,0,10,10,0,NULL,1,NULL,NULL
4992,4992f-96,3:2,10,10,0,0,0,0,0,0,0,0,0,0,0,10,10,0,NULL,1,NULL,NULL
4996,4996f-96,3:2,100,20,0,0,0,0,0,20,0,0,0,0,0,10,10,0,NULL,2,NULL,NULL
5004,5004f-96,3:2,10,10,0,0,0,0,0,10,0,0,0,0,0,10,10,0,NULL,1,NULL,NULL
5008,5008f-96,3:2,10,7,0,0,0,0,0,0,0,0,0,0,0,10,10,0,NULL,1,NULL,NULL
5028,5028f-96,3:2,20,20,0,20,0,0,0,10,0,0,0,0,0,10,10,0,NULL,1,NULL,NULL
5029,5029f-96,3:2,20,10,0,0,0,0,10,0,20,0,0,0,0,10,10,0,NULL,1,NULL,NULL
5119,5119f-96,3:2,750,20,0,0,0,0,500,0,750,0,0,0,0,20,0,0,NULL,2,caution to alert,NULL
5124,5124f-96,3:2,350,20,0,0,0,0,0,20,200,0,0,0,0,10,10,0,NULL,2,NULL,NULL
5125,5125f-96,3:2,130,30,10,0,0,0,100,10,40,0,0,0,0,10,10,0,NULL,2,NULL,NULL
5126,5126f-96,3:2,350,30,10,0,0,0,200,10,200,0,0,0,0,10,10,0,NULL,2,NULL,NULL
5168,5168f-96,3:2,750,10,0,0,0,0,500,0,130,0,0,0,0,10,10,0,NULL,2,NULL,NULL
5169,5169f-96,3:2,10,7,0,0,0,0,0,0,10,0,0,0,0,10,10,0,NULL,1,NULL,NULL
5170,5170f-96,3:2,350,30,0,20,30,0,130,20,0,0,0,0,0,10,10,0,NULL,2,NULL,NULL
5191,5191f-96,3:2,30,20,0,0,0,0,0,100,20,0,50,0,0,10,10,0,NULL,2,NULL,NULL
5192,5192-96,3:2,20,10,0,10,0,0,0,200,0,0,50,0,0,10,10,0,NULL,2,NULL,NULL
5197,5197f-96,3:2,3,3,0,0,0,0,0,0,7,0,0,0,0,10,10,0,NULL,1,NULL,NULL
5214,5214f-96,3:2,500,0,0,0,0,0,7,0,500,0,0,0,0,3,0,0,NULL,2,caution to alert,NULL
5235,5235f-96,3:2,3,0,0,3,0,0,0,0,0,0,0,0,0,3,3,0,NULL,1,NULL,NULL
5236,5236f-96,3:2,7,0,0,0,3,20,0,10,0,0,0,0,0,7,0,0,NULL,1,normal to caution,NULL
5237,5237f-96,3:2,0,0,0,0,0,0,0,3,0,0,0,0,0,20,0,3,250u chunk @ 53mm,1,normal to caution,NULL
5238,5238f-96,3:2,10,0,0,0,0,0,0,30,0,0,0,0,0,50,30,3,moly,1,NULL,NULL
5239,5239f-96,3:2,3,0,0,0,0,0,3,0,0,0,0,0,0,3,3,0,NULL,1,NULL,NULL
5240,5240f-96,3:2,10,0,0,0,0,3,0,10,0,3,0,0,0,3,30,0,NULL,1,NULL,NULL
5255,5255f-96,3:2,750,0,0,0,0,0,50,40,0,0,0,0,0,7,0,0,NULL,2,caution to alert,NULL
5263,5263f-96,3:2,0,0,0,0,0,0,0,0,0,0,0,0,0,0,0,0,moly,1,NULL,NULL
5264,5264f-96,3:2,0,0,0,0,0,0,0,0,0,0,0,0,0,3,0,0,NULL,1,NULL,NULL
5272,5272f-96,3:2,50,0,0,0,30,0,7,3,20,0,0,0,0,10,10,0,NULL,2,NULL,NULL
5273,5273f-96,3:2,100,7,0,0,30,0,0,0,0,0,0,0,0,7,3,7,moly,2,NULL,NULL
5276,5276f-96,3:2,30,0,0,0,3,0,0,0,7,0,0,0,0,40,0,0,NULL,1,NULL,NULL
5282,5282f-96,3:2,30,0,0,0,0,0,7,0,0,0,0,0,0,7,7,0,NULL,1,NULL,NULL
5397,5397f-96,3:2,30,7,0,0,3,0,10,7,0,0,0,0,0,20,0,0,NULL,2,NULL,NULL
5402,5402f-96,3:2,350,7,0,0,40,0,30,0,0,30,0,0,0,0,0,0,60mu Cu sliding,2,120 um Cu laminar,NULL
5404,5404f-96,3:2,350,0,0,0,0,0,0,30,500,0,0,0,0,0,0,0,chunck @ entry 35um,2,NULL,NULL
5415,5145f-96,3:2,10,0,7,0,0,0,0,0,10,0,7,0,0,0,7,0,NULL,1,NULL,NULL
5418,5418f-96,3:2,750,100,0,0,0,0,200,350,200,0,200,0,0,0,20,0,NULL,2,NULL,NULL
5447,5447f-96,3:2,10,0,0,0,0,0,0,10,0,0,0,0,0,10,10,200,moly,1,NULL,NULL
5449,5449f-96,3:2,100,10,0,0,0,0,0,0,20,0,0,0,0,10,10,0,NULL,2,NULL,NULL
5460,5460f-96,3:2,350,100,0,10,0,0,350,100,0,0,20,0,0,20,10,0,NULL,2,NULL,NULL
5465,5465f-96,3:2,20,10,0,0,0,0,20,10,10,0,10,0,0,10,10,0,NULL,1,NULL,NULL
5466,5466f-96,3:2,10,10,0,0,0,0,0,350,100,0,0,0,0,10,10,0,NULL,1,high rust - normal to caution,NULL
5467,5467f-96,3:2,10,0,0,0,0,0,0,0,10,0,10,0,0,10,10,0,NULL,1,NULL,NULL
5469,5469f-96,3:2,20,7,0,0,0,0,10,10,20,0,0,0,0,10,10,0,NULL,1,NULL,NULL
5472,5472f-96,3:2,750,20,0,0,0,0,750,750,750,0,0,0,0,0,20,0,NULL,2,caution to alert,NULL
5538,5538f-96,3:2,170,0,0,0,10,0,40,0,0,100,0,0,0,7,20,0,NULL,2,non ferrous particles copper--80u copper sliding wear,NULL
5671,5671f-96,3:2,20,10,0,0,0,0,20,0,20,0,10,0,0,10,10,0,NULL,1,NULL,NULL
5673,5673f-96,3:2,0,10,0,0,0,0,20,0,10,0,0,0,0,10,10,0,NULL,2,70 u copper sliding,NULL
5676,5676f-96,3:2,10,10,0,0,0,0,10,0,0,0,0,0,0,10,7,0,NULL,1,NULL,NULL
5678,5678f-96,3:2,130,0,0,0,10,0,20,0,0,0,0,0,0,50,30,0,NULL,2,NULL,NULL
5689,5689f-96,3:2,3,0,0,0,0,0,0,0,0,0,0,0,0,3,3,0,NULL,1,NULL,NULL
5691,5691f-96,3:2,3,0,0,0,0,0,0,750,750,0,0,0,0,7,7,0,NULL,2,caution to alert-extremely high rust content,NULL
5692,5692f-96,3:2,100,0,0,0,3,0,10,0,0,0,0,0,0,30,10,0,NULL,2,NULL,NULL
5696,5696f-96,3:2,350,0,0,0,20,0,40,130,0,0,0,0,0,0,10,20,moly,2,NULL,NULL
5704,5704f-96,3:2,10,0,0,0,0,0,3,10,0,0,0,0,0,10,0,0,NULL,1,NULL,NULL
5705,5705f-96,3:2,30,0,0,0,0,0,7,0,20,100,0,0,0,10,3,0,NULL,2,non ferrous metal copper,NULL
5711,5711f-96,3:2,3,0,0,0,0,0,10,350,500,0,0,0,0,3,20,0,NULL,2,high rust,NULL
5717,5717f-96,3:2,3,0,0,0,0,0,0,0,0,0,0,0,0,0,0,3,moly,1,NULL,NULL
5723,5723f-96,3:2,3,0,0,0,7,0,0,750,750,0,0,0,0,3,3,0,NULL,2,very high rust content,NULL
5724,5724f-96,3:2,50,0,0,0,7,0,3,0,100,0,0,0,0,10,20,0,NULL,2,NULL,NULL
5745,5745f-96,3:2,30,20,0,20,0,0,20,20,20,0,0,0,0,20,20,0,NULL,2,cutting wear,NULL
5750,5750f-96,3:2,40,20,0,20,20,0,20,0,30,0,0,0,0,10,10,0,NULL,2,NULL,NULL
5760,5760f-96,3:2,40,20,0,0,0,0,30,0,350,0,0,0,0,350,30,0,NULL,2,NULL,NULL
5762,5762f-96,3:2,40,10,0,10,0,0,20,10,0,0,0,0,0,10,10,0,NULL,1,normal to caution,NULL
5763,5763f-96,3:2,350,130,0,20,20,0,200,20,200,0,20,0,0,10,10,0,NULL,2,NULL,NULL
5768,5768f-96,3:2,750,30,0,0,20,0,350,0,170,0,20,0,0,0,0,0,NULL,2,NULL,NULL
5778,5778f-96,3:2,200,20,0,0,0,0,170,0,130,0,30,0,0,30,30,0,NULL,2,NULL,NULL
5780,5780f-96,3:2,10,0,0,0,0,0,0,0,0,0,0,0,0,10,10,0,NULL,1,NULL,NULL
5783,5783f-96,3:2,100,0,0,0,0,0,50,0,40,0,0,0,0,20,10,0,NULL,1,NULL,NULL
5825,5825f-96,3:2,200,100,0,20,20,0,100,10,100,0,0,0,0,20,10,0,NULL,2,NULL,NULL
5834,5834f-96,3:2,750,30,0,0,0,0,350,0,100,0,0,0,0,0,7,0,NULL,3,NULL,NULL
5836,5836f-96,3:2,350,10,0,10,0,0,20,0,40,0,0,0,0,10,10,0,NULL,2,NULL,NULL
5843,5843f-96,3:2,40,0,0,30,0,0,20,0,0,0,0,0,0,0,0,0,NULL,2,cutting wear,NULL
5849,5849f-96,3:2,200,50,0,30,20,0,40,0,0,0,0,0,0,0,0,0,NULL,2,NULL,NULL
5853,5853f-96,3:2,30,20,0,20,20,0,30,0,40,0,0,0,0,10,10,0,NULL,2,NULL,NULL
5859,5859f-96,3:2,20,10,0,0,0,0,20,10,20,0,10,0,0,10,10,0,NULL,1,NULL,NULL
5862,5862f-96,3:2,750,100,0,20,20,0,500,100,100,0,30,0,0,10,10,0,NULL,2,NULL,NULL
5863,5863f-96,3:2,100,10,0,0,0,0,0,0,100,0,10,0,0,10,10,0,NULL,1,normal to caution,NULL
5878,5878f-96,3:2,20,10,0,0,0,0,20,0,20,0,0,0,0,20,10,0,NULL,1,NULL,NULL
5883,5833f-96,3:2,750,20,0,0,0,0,350,0,500,0,0,0,0,20,30,0,NULL,2,NULL,NULL
5885,5885f-96,3:2,750,20,0,0,0,0,500,0,200,0,0,0,0,0,10,0,NULL,2,NULL,NULL
5887,5887f-96,3:2,500,20,0,0,0,0,350,0,200,0,0,0,0,0,10,0,NULL,2,NULL,NULL
5891,5891-97,3:2,50,20,0,10,0,0,20,0,0,0,10,0,0,10,10,0,NULL,2,NULL,NULL
5898,5898f-96,3:2,20,10,0,0,0,0,0,0,10,0,0,0,0,10,10,0,NULL,1,NULL,NULL
5906,5906f-98,3:2,50,20,0,20,0,0,30,0,20,0,0,0,0,20,10,0,NULL,2,NULL,NULL
5915,5915f-97,3:2,20,10,0,0,0,0,20,40,0,0,30,0,0,30,10,0,NULL,2,NULL,NULL
5916,5916f-97,3:2,1000,20,0,0,0,0,350,0,500,0,0,0,0,20,10,0,NULL,2,NULL,NULL
5937,5937f-97,3:2,750,0,0,0,0,0,500,200,200,0,0,0,0,20,20,0,NULL,2,NULL,NULL
5957,5957f-97,3:2,750,20,0,0,0,0,200,50,200,170,0,0,0,20,0,0,NULL,2,NULL,NULL
5959,5959-97,3:2,10,0,0,0,0,0,0,0,0,0,0,0,0,10,0,0,NULL,1,NULL,NULL
5964,5964f-96,3:2,750,0,0,0,0,0,350,0,170,0,0,0,0,10,10,0,fdsafdas,2,NULL,NULL
5972,5972f-97,3:2,750,20,0,0,0,0,350,0,0,0,0,0,0,20,20,0,NULL,3,NULL,NULL
5975,5975f-97,3:2,200,20,0,0,0,0,0,0,100,0,0,0,0,20,10,0,NULL,2,NULL,NULL
5976,5976f-96,3:2,200,20,0,0,0,0,20,200,170,0,0,0,0,30,30,0,NULL,2,NULL,NULL
5981,5981-97,3:2,10,10,0,0,0,0,0,0,10,0,10,0,0,10,10,0,NULL,1,NULL,NULL
5982,5982f-97,3:2,20,20,0,0,0,0,0,0,0,0,0,0,0,20,10,0,NULL,1,NULL,NULL
5984,5984f-97,3:2,200,10,0,0,0,0,130,30,200,0,0,0,0,20,20,0,NULL,2,NULL,NULL
6002,6002f-97,3:2,750,0,0,30,0,0,0,350,350,0,0,0,0,0,0,0,NULL,2,cutting wear 1000 u,NULL
6005,6005f-97,3:2,50,30,0,20,20,0,30,10,30,0,10,0,0,10,10,0,NULL,2,300 u sliding wear chunk,NULL
6007,6007f-96,3:2,20,0,0,0,0,0,0,0,0,0,10,0,0,0,10,0,NULL,1,NULL,NULL
6015,6015f-97,3:2,20,0,0,0,10,0,20,0,10,0,10,0,0,10,10,0,NULL,1,NULL,NULL
6032,6032f-97,3:2,350,20,0,0,20,0,200,20,170,0,10,0,0,0,20,0,NULL,2,NULL,NULL
6043,6043f-97,3:2,30,20,0,20,20,0,0,0,20,0,0,0,0,20,20,0,NULL,2,NULL,NULL
6045,6045f-97,3:2,30,20,0,20,0,0,0,20,20,0,20,0,0,20,20,0,NULL,2,NULL,NULL
6046,6046f-97,3:2,500,0,0,0,0,0,350,350,350,0,0,0,0,20,20,0,NULL,2,NULL,NULL
6052,6052f-97,3:2,20,0,0,10,10,0,0,0,20,0,10,0,0,0,10,0,NULL,2,NULL,NULL
6053,6053f-97,3:2,750,0,0,0,0,0,0,500,100,0,0,0,0,0,20,0,NULL,2,NULL,NULL
6120,6120f-97,3:2,50,20,0,0,0,0,20,10,20,0,0,0,0,20,10,0,NULL,1,NULL,NULL
6121,6121f-97,3:2,0,30,0,0,0,0,500,0,40,0,10,0,0,10,10,0,NULL,1,NULL,NULL
6126,6126f97,3:2,20,0,0,10,0,0,0,0,0,0,10,0,0,0,10,0,NULL,2,325 u cutting wear,NULL
6128,6128f-97,3:2,750,20,0,0,20,0,100,50,50,20,0,0,0,10,10,0,NULL,2,NULL,NULL
6131,6131f-97,3:2,100,50,0,0,0,0,0,750,350,0,0,0,0,20,10,0,NULL,2,NULL,NULL
6160,6160f-97,3:2,750,0,20,0,0,0,350,100,100,0,20,0,0,20,10,0,NULL,2,NULL,NULL
6163,6163f-97,3:2,750,30,0,0,0,0,350,0,350,0,0,0,0,0,0,0,NULL,2,NULL,NULL
6180,6180f-97,3:2,100,40,0,0,40,0,0,0,0,0,0,0,0,20,10,0,NULL,1,NULL,NULL
6181,6181f-97,3:2,30,20,0,0,0,0,0,0,0,0,0,0,0,20,20,0,NULL,1,NULL,NULL
6198,6198f-97,3:2,100,30,0,30,0,0,30,0,350,0,20,0,0,20,0,0,NULL,2,NULL,NULL
6203,6203f-97,3:2,200,0,0,0,0,0,200,0,0,0,0,0,0,20,10,0,NULL,1,NULL,NULL
6218,6218f-97,3:2,30,0,0,0,0,0,20,10,0,0,0,0,0,10,10,0,NULL,1,NULL,NULL
6223,6223f-97,3:2,7,0,0,3,3,0,7,0,0,0,0,0,0,7,7,10,moly,2,NULL,NULL
6224,6224f-97,3:2,3,0,0,3,3,0,3,0,0,0,0,0,0,3,0,3,moly,2,cutting wear at entry 100um,NULL
6225,6225f-97,3:2,3,0,0,0,0,0,10,0,0,0,0,0,0,3,0,7,moly,1,NULL,NULL
6226,6226f-97,3:2,3,0,0,0,0,0,3,0,0,0,0,0,0,3,0,0,NULL,1,NULL,NULL
6227,6227f-97,3:2,3,0,0,0,3,0,10,3,0,0,0,0,0,3,3,3,moly,1,NULL,NULL
6228,6228f-97,3:2,7,0,0,3,0,0,3,0,0,0,0,0,3,0,0,0,NULL,2,225u cutting wear,NULL
6229,6229f-97,3:2,7,0,0,0,3,0,7,3,0,0,0,0,0,3,0,3,moly,1,NULL,NULL
6230,6230f-97,3:2,10,0,0,0,3,0,7,20,0,0,0,0,0,7,3,0,NULL,1,NULL,NULL
6231,6231f-97,3:2,3,0,0,0,0,0,3,0,0,0,0,0,0,3,0,0,NULL,1,NULL,NULL
6233,6233f-97,3:2,3,0,0,0,0,0,3,0,0,0,0,0,0,3,3,0,NULL,1,NULL,NULL
6234,6234f-97,3:2,3,0,0,0,0,0,3,0,0,0,0,0,0,0,0,0,NULL,1,NULL,NULL
6242,6242f-97,3:2,100,0,0,0,30,0,20,0,0,0,0,0,0,3,0,3,moly,2,NULL,NULL
6262,6262f-97,3:2,20,0,0,0,0,0,0,0,20,0,0,0,0,10,0,0,NULL,1,NULL,NULL
6267,6267f-97,3:2,350,0,0,0,0,0,350,0,350,0,0,0,0,20,10,0,NULL,2,NULL,NULL
6271,6271f-97,3:2,350,0,170,0,50,0,0,40,50,0,0,0,0,30,20,0,NULL,2,NULL,NULL
6272,6272f-97,3:2,20,10,0,0,0,0,0,10,10,0,0,0,0,10,10,0,NULL,1,NULL,NULL
6273,6273f-96,3:2,170,10,0,0,0,0,20,30,170,0,50,0,0,0,0,0,NULL,1,NULL,NULL
6282,6282f-97,3:2,100,50,0,0,0,20,0,130,0,0,0,0,0,100,0,0,NULL,2,NULL,NULL
6287,6287f-97,3:2,200,100,20,0,0,0,50,0,50,20,0,0,0,20,20,0,NULL,2,non ferrous metal copper,NULL
6296,6296f-97,3:2,350,20,0,0,10,0,350,0,0,0,0,0,0,0,0,0,NULL,2,NULL,NULL
6318,6318f-97,3:2,130,0,10,0,50,0,0,0,0,0,0,0,0,7,3,30,moly,2,NULL,NULL
6320,6320f-97,3:2,7,0,0,0,0,0,0,0,0,0,0,0,0,7,3,20,moly,1,NULL,NULL
6321,6321f-97,3:2,750,100,0,0,0,0,350,0,50,0,0,0,0,20,10,0,NULL,2,NULL,NULL
6338,6338f-97,3:2,350,20,0,0,0,0,350,20,0,0,0,0,0,0,0,0,NULL,2,NULL,NULL
6346,6346f-97,3:2,100,0,0,100,100,0,0,0,40,100,0,0,0,30,20,0,NULL,2,non ferrous particles copper,NULL
6348,6348f-97,1:10,500,0,0,0,3,0,0,0,130,0,0,0,0,10,0,20,moly,3,1-10 dilution,NULL
6354,6354f-97,3:2,130,20,0,0,0,0,0,0,130,0,0,0,0,30,0,100,NULL,2,NULL,NULL
6362,6362f-97,3:2,170,50,0,20,0,0,40,0,30,0,0,0,0,0,10,0,NULL,2,NULL,NULL
6364,6364f-97,3:2,500,20,0,0,0,0,200,0,100,0,0,0,0,20,10,0,NULL,2,NULL,NULL
6373,6373f-97,3:2,0,0,0,0,0,0,0,0,0,0,0,0,0,0,0,0,NULL,1,NULL,NULL
6391,6391f-97,3:2,170,50,0,20,30,0,0,0,0,50,20,0,0,20,10,0,NULL,2,non metallic particles copper,NULL
6399,6399f-97,3:2,750,10,0,0,0,0,500,0,200,0,0,0,0,20,10,0,NULL,2,NULL,NULL
6400,6400f-97,3:2,1000,20,0,0,0,0,0,0,350,0,0,0,0,0,7,0,NULL,2,NULL,NULL
6403,6403f-97,1:10,500,7,3,0,10,0,0,0,170,0,0,0,0,0,0,0,NULL,3,NULL,NULL
6404,6404f-97,3:2,20,0,0,0,0,3,10,0,0,0,10,0,0,10,10,0,NULL,1,NULL,NULL
6405,6405f-97,3:2,750,50,0,20,20,0,0,0,200,0,0,0,0,20,10,0,NULL,2,NULL,NULL
6455,6455f-97,3:2,40,40,0,10,0,0,0,100,0,0,30,0,0,50,0,0,NULL,2,NULL,NULL
6457,6457-97,3:2,500,0,0,0,0,0,500,0,750,0,0,0,0,0,10,0,NULL,2,NULL,NULL
6482,64482f-97,3:2,200,130,0,0,30,0,130,30,40,0,20,0,0,30,0,0,NULL,2,NULL,NULL
6488,6488f-97,3:2,20,20,0,0,0,0,20,0,350,0,0,0,0,50,0,0,NULL,2,NULL,NULL
6503,6503f-97,3:2,7,0,0,0,0,0,0,0,20,0,0,0,0,0,0,0,NULL,1,NULL,NULL
6504,6504f-97,3:2,750,0,0,0,0,0,350,0,0,0,0,0,0,20,10,0,NULL,2,NULL,NULL
6507,6507f-97,3:2,20,0,0,0,0,0,0,0,0,0,0,0,0,10,10,0,NULL,1,NULL,NULL
6519,6519f-97,3:2,20,0,0,0,0,0,0,350,350,0,0,0,0,0,0,0,NULL,2,NULL,NULL
6520,6520f-97,3:2,20,30,0,0,0,0,20,40,40,0,30,0,0,30,10,0,NULL,2,NULL,NULL
