ID,testID,narrative,major,minor,trace
33093,180,"SOME FIBERS PRESENT   ",24,26,21
33427,180,"  ",25,22,21
33491,180,"  ",20,22,21
33516,240,"TRACE OF MOLY - METALLICS TOO FEW/SMALL TO IDENTIFY ",33,35,32
33926,180,"NO UNUSUAL CONTAMINANTS DETECTED ",22,165,25
34109,180," ",NULL,NULL,NULL
34165,180,"NO UNUSUAL CONTAMINANTS DETECTED ",26,22,24
34187,180,"NO UNUSUAL CONTAMINANTS DETECTED ",22,24,26
34302,240,"MAJOR METALLICS LAMINAR, FATIGUE, SLIDING, AND COARSE WEAR PARTICLES - ONE 500 uM AND A FEW 200 uM PARTICLES PRESENT. ",32,59,37
34304,240,A FEW 20-50 uM PARTICLES PRESENT.,162,36,37
34306,180,"METALLICS APPEAR TO BE COPPER ALLOY   ",20,21,26
34307,180,"SEVERAL BLACK SPHERES 10-20 uM IN SIZE  ",25,26,21
34309,240,"MAJOR METALLICS LAMINAR, FATIGUE, SLIDING, AND COARSE WEAR PARTICLES - SEVERAL 200 uM TO 500 uM PARTICLES DETECTED. ",32,36,33
34310,240,"MAJOR METALLICS LAMINAR, FATIGUE, SLIDING, AND COARSE WEAR PARTICLES - SEVERAL 200 uM TO 500 uM PARTICLES DETECTED.",32,36,39
34311,240,"MINOR METALLICS FATIGUE, SLIDING, LAMINAR PARTICLES - ONE 250 uM AND ONE 350 uM PARTICLES DETECTED. ",35,32,37
34312,240,"ONE 150 uM WHITE METAL PARTICLE DETECTED ",35,33,32
34314,240,TRACE METALLICS - TWO 200 uM WHITE METAL PARTICLES - ONE 200 UM COPPER ALLOY PARTICLE - ONE 500 uM WHITE METAL (EVIDENCE OF POSSIBLE OVERHEATING) PARTICLE.,36,33,32
34315,240,"ONE 220 uM COPER ALLOY PARTICLE - OTHER TRACE METALLICS <40uM. ",36,37,32
34316,240,TRACE METALLIS <30uM,36,33,32
34318,240,"ONE 150 uM PARTICLE - TRACE METALLICS <40 uM ",34,33,32
34329,180,"SEVERAL BLACK SPHERES DETECTED  ",25,26,21
34333,180,"ONE 400 uM COPPER ALLOY PARTICLE DETECTED  ",20,165,21
34342,180," ",22,26,28
34379,180,"  ",22,25,26
34382,240,"  ",86,35,32
34391,180,"  ",25,28,21
34403,240," ",166,58,58
34406,180,"  ",20,22,21
34407,180,"  ",22,25,28
34408,180,"  ",24,28,21
34409,180,"  ",22,25,26
34411,180,"  ",20,165,21
34425,180," ",24,28,21
34429,240,"  ",86,33,32
34466,180,"A FEW BLACK SPHERES RANGING FROM 
5 TO 15 uM IN SIZE.   ",25,26,28
34467,180," A FEW BLACK SPHERES RANGING FROM 
5 TO 15 uM IN SIZE.    ",22,25,26
34468,180,"  ",25,165,26
34469,180,"  ",22,25,28
34470,180," A FEW BLACK SPHERES RANGING FROM 
5 TO 10 uM IN SIZE.     ",23,61,22
34479,180,"SOME MOLY DETECTED - ONE 320uM PARTICLE DETECTED.  ",25,26,22
34480,180,"  ",25,25,21
34481,180,"A FEW SPHERES 5 TO 15 uM IN  SIZE, A FEW COPPER ALLOY PARTICLES DETECTED.",25,26,28
34482,180,"   ",22,25,21
34522,180,"  ",24,28,21
34533,180,"  ",20,22,21
34545,180," ",NULL,NULL,NULL
34546,240," ",36,37,32
34547,180,"   ",22,24,23
34548,180," A FEW WHITE METAL PARTICLES DETECTED  ",24,26,23
34549,180,"   ",165,165,24
34559,180,"   ",20,22,21
34560,240,"METALLICS WHITE METAL - SOME EVIDENCE OF POSSIBLE OVERHEATING. ",34,32,58
34577,180,"NO UNUSUAL CONTAMINANTS DETECTED ",26,22,24
34581,180,"  ",20,28,21
34607,240,"METALLICS CONSIST OF CUTTING WEAR AND SEVERE SLIDING WEAR - SOME EVIDENCE OF POSSIBLE OVERHEATING   ",86,32,35
34623,180,"  ",20,28,21
34655,180,"NO UNUSUAL CONTAMINANTS DETECTED   ",22,165,165
34656,180,"NO UNUSUAL CONTAMINANTS DETECTED   ",22,165,165
34657,180,"NO UNUSUAL CONTAMINANTS DETECTED   ",22,165,23
34658,180,"NO UNUSUAL CONTAMINANTS DETECTED   ",22,25,26
34659,180,"NO UNUSUAL CONTAMINANTS DETECTED   ",22,25,26
34660,180," NO UNUSUAL CONTAMINANTS DETECTED  ",22,165,165
34662,180,"NO UNUSUAL CONTAMINANTS DETECTED   ",22,165,25
34663,180,"NO UNUSUAL CONTAMINANTS DETECTED   ",22,165,25
34664,180,"NO UNUSUAL CONTAMINANTS DETECTED   ",22,165,25
34665,180,"NO UNUSUAL CONTAMINANTS DETECTED   ",22,165,25
34666,180,"NO UNUSUAL CONTAMINANTS DETECTED   ",22,26,25
34667,180,"NO UNUSUAL CONTAMINANTS DETECTED   ",21,26,25
34668,180,"NO UNUSUAL CONTAMINANTS DETECTED   ",22,165,25
34669,180,NO UNUSUAL CONTAMINANTS DETECTED,22,26,25
34677,180,"  ",22,165,24
34681,180,"NO UNUSUAL CONTAMINANTS DETECTED  ",26,24,22
34682,180,"NO UNUSUAL CONTAMINANTS DETECTED  ",26,22,24
34695,180," NO UNUSUAL CONTAMINANTS DETECTED  ",22,23,24
34696,180," NO UNUSUAL CONTAMINANTS DETECTED  ",22,25,21
34722,180,"  ",20,22,21
34738,180,"  ",20,165,21
34753,240," TRACE OF METALLICS WHITE METAL SLIDING WEAR  ",86,33,32
34771,120,"FILTER INTERNALS EXAMINATION DID NOT INDICATE THE PRESENCE OF VARNISH ",36,39,32
34772,120,"FILTER INTERNALS EXAMINATION DID NOT INDICATE THE PRESENCE OF VARNISH  ",36,39,32
34773,120,"FILTER INTERNALS EXAMINATION DID NOT INDICATE THE PRESENCE OF VARNISH  ",36,39,32
34808,240," ",37,36,39
34823,180,"  ",20,165,21
34826,180,"  ",20,28,21
34844,240,"METALLICS LAMINAR, CUTTING AND FINE WEAR PARTICLES-BOTH WHITE AND YELLOW METALS - SOME EVIDENCE OF POSSIBLE OVERHEATING ",32,39,35
34856,180,"  ",20,165,21
34880,180,"  ",20,22,21
34881,240,"METALLICS LAMINAR, FINE WEAR PARTICLES-BOTH WHITE AND YELLOW METALS ",32,39,35
34900,180,"  ",20,28,21
34901,180,"  ",20,22,21
34914,180," NO EVIDENCE OF METALLICS
500 ml OIL ",165,165,22
34917,240,"EVIDENCE OF POSSIBLE OVERHEATING ",162,42,35
34921,180,"  ",20,28,21
34922,180,"METALLICS APPEAR TO BE COPPER ALLOY   ",20,22,21
34932,180,"  ",20,28,21
34933,180,"  ",20,28,21
34962,180,"  ",20,22,21
35045,180,"  ",20,22,21
35055,180,"  ",22,165,165
35057,180,"  ",20,165,21
35120,180,"  ",28,25,21
35121,180,"METALLICS BOTH WHITE METAL AND COPPER ALLOY SLIDING AND LAMINAR PARTICLES.  ",24,21,22
35123,180,"  ",20,28,21
35135,180,"  ",20,22,21
35136,180,"    ",24,28,21
35143,180,"  ",22,25,21
35154,180,"  ",20,28,21
35175,180,"  ",24,28,21
35176,180,"  ",22,25,21
35195,180,"  ",20,22,21
35207,180,"NO UNUSUAL CONTAMINANTS  ",24,22,165
35211,180,"  ",22,24,28
35223,240," METALLICS CONSISTING OF LAMINARS - SEVERE WEAR PARTICLES - CUTTING WEAR - SOME EVIDENCE OF POSSIBLE OVERHEATING ",36,32,33
35279,180,"  ",22,24,28
35280,180,"TYPICAL CONTAMINANTS NOT DETECTED DUE TO HEAVY OIL RESIDUE ON FILTER MEDIA   ",165,165,165
35306,180,"  ",20,28,21
35331,180,"  ",20,28,21
35343,180,"  ",20,28,21
35360,180,"  ",22,25,28
35361,180,"  ",22,24,21
35381,180,"  ",22,25,28
35382,180,"  ",24,23,28
35384,180,"  ",25,22,28
35385,180,"  ",22,24,28
35386,180,"  ",24,22,28
35387,180,"  ",22,24,28
35391,180,"  ",20,28,21
35392,180,"  ",20,165,21
35410,240,"SOME EVIDENCE OF POSSIBLE OVERHEATING - WEAR METALS BOTH COPPER ALLOY AND WHITE METAL. SOME CUTTING WEAR AND MOLY DETECTED. ",162,36,42
35413,240,"WEAR METALS BOTH COPPER ALLOY AND WHITE METAL. SOME CUTTING WEAR AND MOLY DETECTED -SOME EVIDENCE OF POSSIBLE OVERHEATING  ",162,41,36
35426,180,"METALLICS COPPER ALLOY - IMAGE TAKEN  ",24,22,21
35427,180,METALLICS COPPER ALLOY - IMAGE TAKEN,23,24,21
35438,180,"  ",22,24,28
35439,180,"  ",25,22,21
35440,240,METALLICS CONSISTING OF WHITE AND COPPER ALLOY PARTICLES - LAMINARS AND CUTTING WEAR,32,36,39
35442,240,"METALLICS CONSISTING OF WHITE AND COPPER ALLOY PARTICLES - LAMIMARS AND CUTTING WEAR - SOME EVIDENCE OF POSSIBLE OVERHEATING ",32,39,36
35475,240,NO COPPER ALLOY PARTICLES DETECTED,86,33,32
35483,180,"METALLICS APPEAR TO BE COPPER ALLOY  ",20,22,21
35510,180,"METALLICS VERY FINE COPPER ALLOY AND WHITE METAL  ",22,21,24
35512,180,"METALLICS FINE COPPER ALLOY AND WHITE METAL.  ",25,21,28
35513,180,METALLICS FINE WHITE METAL PARTICLES,26,21,25
35514,180,"METALLICS COPPER ALLOY AND WHITE METAL-SOME MOLY  ",26,25,21
35515,180,"  ",22,26,21
35516,180,"  ",22,21,26
35523,180,"  ",20,28,21
35581,180,"  ",20,22,21
35609,180,"   ",20,22,21
35616,120,"FILTER INTERNALS EXAMINATION DID NOT INDICATE THE PRESENCE OF VARNISH LIKE DEPOSITS. ",37,35,39
35617,120,"FILTER INTERNALS EXAMINATION DID NOT INDICATE THE PRESENCE OF VARNISH LIKE DEPOSITS.   ",37,35,39
35618,120,"FILTER INTERNALS EXAMINATION INDICATED THE SLIGHT PRESENCE OF VARNISH LIKE DEPOSITS. ",36,39,37
35619,120,"FILTER INTERNALS EXAMINATION DID NOT INDICATE THE PRESENCE OF VARNISH LIKE DEPOSITS.   ",36,37,39
35642,180,"  ",20,22,21
35667,240,SOME EVIDENCE OF POSSIBLE OVERHEATING,32,58,36
35680,180,"   ",22,24,21
35694,180,"  ",20,22,21
35726,180,"  ",20,22,21
35769,180,"  ",22,24,28
35780,240,NULL,32,36,33
35785,180,"  ",20,22,21
35792,180," ",20,22,21
35796,180,"SOME INSECT BODY PARTS DETECTED - NO UNUSUAL CONTAMINANTS DETECTED  ",26,165,22
35797,180,"  ",20,165,21
35799,180,"  ",20,165,21
35818,240,"METALLICS CONSISTING OF LAMINARS, CUTTING WEAR, NON-FERROUS METAL COPPER ALLOY ",39,36,32
35819,240,"METALLICS CONSISTING OF LAMINARS, CUTTING WEAR, SLIDING WEAR, NON-FERROUS METAL COPPER ALLOY ",32,36,39
35820,240," METALLICS CONSISTING OF LAMINARS, CUTTING WEAR, NON-FERROUS METAL COPPER ALLOY  ",39,33,32
35821,240,"METALLICS CONSISTING OF LAMINARS, CUTTING WEAR, SLIDING WEAR, NON-FERROUS METAL COPPER ALLOY  ",32,36,39
35826,180,"  ",20,22,21
35851,180,"NO UNUSUAL CONTAMINANTS DETECTED ",26,24,22
35852,180,"NO UNUSUAL CONTAMINANTS DETECTED ",26,25,22
35853,180,"NO UNUSUAL CONTAMINANTS DETECTED  ",26,25,22
35854,180,"NO UNUSUAL CONTAMINANTS DETECTED  ",26,22,25
35855,180,"NO UNUSUAL CONTAMINANTS DETECTED ",26,22,24
35857,180,"NO UNUSUAL CONTAMINANTS DETECTED  ",26,22,25
35858,180,"NO UNUSUAL CONTAMINANTS DETECTED  ",26,22,24
35859,180,"NO UNUSUAL CONTAMINANTS DETECTED  ",22,26,24
35861,180,"NO UNUSUAL CONTAMINANTS DETECTED   ",22,25,26
35864,180,"  ",22,24,21
35878,180,"  ",20,165,28
35889,180,"  ",20,28,21
35907,180,"  ",20,22,21
35909,240,"METALLICS CONSISTING OF SLIDING WEAR AND CUTTING WEAR - SOME NON-FERROUS METALS OF COPPER ALLOY ",39,35,32
35934,180,"  ",20,22,23
35968,180,"  ",20,24,22
35979,240,"METALLICS CONSISTING OF SLIDING WEAR AND CUTTING WEAR - SOME NON-FERROUS METALS OF COPPER ALLOY - ONE 60 uM LAMINAR PARTICLE
",39,32,36
35994,180,"  ",20,22,165
36008,180,"METALLICS CONSIST OF LAMINARS, SLIDING WEAR, NON-FERROUS COPPER ALLOY PARTICLES - PARTICLES RANGING FROM 15 TO 50 uM - SOME 175 uM PARTICLES - SOME EVIDENCE OF POSSIBLE OVERHEATING  ",20,21,25
36030,180,"  ",20,22,21
36043,240,"METALLICS CONSISTING OF LAMINARS, CUTTING AND SLIDING WEAR - NON-FERROUS METAL COPPER ALLOY ",33,39,32
36049,180,"  ",20,22,28
36051,180,NULL,20,22,21
36085,180,"  ",20,22,21
36095,180,"NO UNUSUAL CONTAMINANTS DETECTED  ",26,22,21
36096,180,"NO UNUSUAL CONTAMINANTS DETECTED   ",26,22,165
36098,180,"  ",22,25,21
36100,180,"NO UNUSUAL CONTAMINANTS DETECTED   ",22,24,165
36104,180,"  ",20,22,21
36116,180,"  ",20,22,21
36119,180,"  ",20,22,21
36128,180,"  ",20,28,21
36141,180,"  ",20,22,21
36148,240,"DUE TO INSUFFICIENT SAMPLE SIZE, TEST SAMPLE AMOUNT USED 0.1371 G INSTEAD OF 0.5 G - SPHERES OF VARIOUS MICRON SIZES NOTED- IMAGE TAKEN ",86,36,32
36167,180,"  ",20,22,28
36188,180,"  ",20,22,21
36189,180,"  ",20,22,24
36211,180,"  ",20,22,21
36295,180,"  ",20,22,28
36309,180,"  ",20,22,26
36314,180,"  ",20,22,21
36318,180,"  ",20,22,21
36382,180,"  ",20,28,22
36383,240,NO UNUSUAL DISCOLORATION OF TEST FILTER MEDIA,33,35,34
36393,180,"  ",20,22,21
36421,180,NULL,22,24,21
36422,180,"  ",22,24,26
36423,180,"  ",24,22,26
36424,180,"  ",22,24,26
36425,180,"  ",22,24,26
36426,180,"  ",22,24,26
36427,180,"  ",22,24,26
36428,180,"  ",22,24,28
36456,180,"  ",20,22,21
36457,180,"  ",20,22,21
36458,180,"  ",20,22,21
36476,180,"  ",22,24,26
36477,180," ",25,26,21
36478,180,"NO UNUSUAL CONTAMINANTS DETECTED ",23,165,24
36480,180,"TRACE OF METALLICS - MOSTLY WHITE METAL-A FEW APPEARED TO BE A COPPER ALLOY - SOME MOLY AND A FEW DARK SPHERES NOTED.  ",25,26,21
36527,240,"SOME SAND, DIRT, MOLY DETECTED.  METALLICS MOSTLY WHITE METAL. ",36,32,33
36532,180,"   ",24,22,21
36533,180,"SOME METALLICS, MOLY, AND DARK SPHERES NOTED.  ",22,26,25
36536,180,"   ",24,26,21
36537,180,"  ",169,24,21
36538,180,"  ",22,24,21
36571,180,"  ",20,22,21
36581,180,NULL,20,22,21
36635,180,"  ",20,22,21
36649,240,"A FEW COPPER ALLOY PARTICLES WERE PRESENT ",42,41,43
36651,240,"SOME CUTTING WEAR PARTICLES PRESENT.  A FEW COPPER ALLOY PARTICLES WERE PRESENT ",38,42,41
36652,240,"MAJOR METALLICS OF COPPER ALLOY. SOME EVIDENCE OF POSSIBLE OVERHEATING ",41,38,42
36653,240,"A FEW CUTTING WEAR PARTICLES PRESENT. A FEW COPPER ALLOY PARTICLES WERE PRESENT  ",38,42,41
36686,180,"  ",20,22,21
36687,180,"  ",20,22,21
36717,240,"BOTH WHITE METAL AND COPPER ALLLOY PARTICLES PRESENT-RED AND BLACK OXIDES, SAND/DIRT AND MOLYDISULFIDE PRESENT",41,43,42
36718,240,"METALLICS MOSTLY WHITE METAL-SOME FINELY DIVIDED METALLICS-RED AND BLACK OXIDES AND MOLYDISULFIDE PRESENT. ",41,43,42
36719,240,"BOTH WHITE METAL AND COPPER ALLLOY PARTICLES PRESENT-RED AND BLACK OXIDES, SAND/DIRT AND MOLYDISULFIDE PRESENT",41,43,42
36720,240,"METALLICS MOSTLY WHITE METAL-SOME FINELY DIVIDED METALLICS-RED AND BLACK OXIDES AND MOLYDISULFIDE PRESENT. ",41,43,42
36721,240,"METALLIC-BOTH WHITE METAL AND COPPER ALLLOY PARTICLES PRESENT-CUTTING AND LAMINAR WEAR  ",36,32,39
36722,240,"METALLICS MOSTLY WHITE METAL-SOME COPPER ALLOY METALLICS-RED AND BLACK OXIDES AND MOLYDISULFIDE PRESENT.  ",42,43,38
36739,240,"METALLICS MOSTLY WHITE METAL-SOME COPPER ALLOY METALLICS-RED AND BLACK OXIDES AND MOLYDISULFIDE PRESENT ",42,43,38
36740,240,"METALLICS MOSTLY WHITE METAL-SOME COPPER ALLOY METALLICS-RED AND BLACK OXIDES AND MOLYDISULFIDE PRESENT  ",42,43,38
36741,180,"  ",25,21,28
36747,180,"  ",20,28,21
36751,240,"SOME CUTTING WEAR PARTICLES - METALLICS MOSTLY WHITE METAL-SOME COPPER ALLOY METALLICS-RED AND BLACK OXIDES AND MOLYDISULFIDE PRESENT ",38,42,41
36753,180,"  ",20,22,21
36781,180,"  ",20,22,21
36794,180,"METALLICS CONSISTING OF WHITE AND COPPER ALLOY PARTICLES  ",25,26,21
36799,240,"  TRACE METALLICS WHITE METAL AND COPPER ALLOY PARTICLES.",36,37,32
36812,180,"  ",20,28,21
36837,240,"SPHERES APPEARED TO BE GLASS/PLASTIC BEADS- BLACK PARTICLES WERE CLUMPED TOGETHER AND HAD LIMITED SOLUABILITY IN THE OIL.  2 IMAGES TAKEN OF THIS SAMPLE.  ",94,161,39
36839,240,"SPHERES APPEARED TO BE GLASS/PLASTIC BEADS-BLACK PARTICLES WERE CLUMPED TOGETHER AND HAD LIMITED SOLUABILITY IN THE OIL.  ",94,161,32
36840,240,"SPHERES APPEARED TO BE GLASS/PLASTIC BEADS-BLACK PARTICLES WERE CLUMPED TOGETHER AND HAD LIMITED SOLUABILITY IN THE OIL. ",94,161,39
36841,240,"SPHERES APPEARED TO BE GLASS/PLASTIC BEADS-BLACK PARTICLES WERE CLUMPED TOGETHER AND HAD LIMITED SOLUABILITY IN THE OIL. ",94,161,32
36854,180,"CUTTING WEAR PARTICLES - SOME COARSE SLIDING WEAR PARTICLES   ",20,21,22
36859,180,SOME SAND AND DIRT AND INSECT PARTS,20,22,25
36876,180,"  ",20,22,21
36892,180,"  ",20,22,21
36895,180,"NO UNUSUAL CONTAMINANTS DETECTED  ",26,22,165
36962,180,"  ",20,28,21
36964,240,"TRACE METALLICS LAMINAR AND CUTTING PARTICLES. ",39,36,32
36977,180,"  ",20,22,28
37029,180,"NO UNUSUAL CONTAMINANTS DETECTED   ",22,26,24
37030,180,"NO UNUSUAL CONTAMINANTS DETECTED   ",22,26,25
37032,180,"NO UNUSUAL CONTAMINANTS DETECTED   ",22,165,24
37035,180,"NO UNUSUAL CONTAMINANTS DETECTED   ",22,165,24
37036,180,"NO UNUSUAL CONTAMINANTS DETECTED   ",22,165,165
37037,180,"NO UNUSUAL CONTAMINANTS DETECTED  ",26,165,22
37101,180,"  ",20,22,21
37111,180,"   ",20,28,21
37127,180,"  ",20,22,21
37151,180,"  ",20,165,21
37175,180,"  ",20,28,21
37180,240,"SAND/DIRT PARTICLES AND MOLY ALSO PRESENT  ",162,36,42
37182,180,"  ",20,28,21
37184,120,"FILTER INTERNALS EXAMINATION DID NOT INDICATE THE PRESENCE OF VARNISH  ",39,35,37
37185,120,"FILTER INTERNALS EXAMINATION DID NOT INDICATE THE PRESENCE OF VARNISH  ",39,35,37
37186,120,"FILTER INTERNALS EXAMINATION DID NOT INDICATE THE PRESENCE OF VARNISH  ",39,43,36
37187,120,"FILTER INTERNALS EXAMINATION DID NOT INDICATE THE PRESENCE OF VARNISH  ",39,43,35
37196,240,"SOME EVIDENCE OF POSSIBLE SLIGHT OVERHEATING ",162,36,39
37210,180,"  ",20,22,21
37219,240,"VERY LITTLE DEBRIS WAS DETECTED ON THE FILTER MEDIA. ",33,36,32
37228,180,"  ",20,22,21
37256,180,"  ",20,28,21
37266,180,"  ",20,28,21
37385,180,"  ",20,165,21
37396,180,"  ",20,28,21
37399,180,"  ",20,28,22
37405,180,"  ",20,22,21
37428,180,"  ",20,165,21
37449,180,"  ",22,24,21
37477,180,"  ",20,28,21
37487,180,"NO UNUSUAL CONTAMINANTS DETECTED  ",26,25,22
37488,180,"NO UNUSUAL CONTAMINANTS DETECTED  ",26,25,22
37489,180,"NO UNUSUAL CONTAMINANTS DETECTED  ",26,25,22
37490,180,"NO UNUSUAL CONTAMINANTS DETECTED  ",26,25,22
37491,180,"NO UNUSUAL CONTAMINANTS DETECTED  ",25,26,22
37494,180,"NO UNUSUAL CONTAMINANTS DETECTED  ",25,22,26
37519,180,"NO UNUSUAL CONTAMINANTS DETECTED  ",25,26,22
37520,180,"NO UNUSUAL CONTAMINANTS DETECTED  ",25,26,22
37521,180,"NO UNUSUAL CONTAMINANTS DETECTED  ",25,26,22
37522,180,"NO UNUSUAL CONTAMINANTS DETECTED  ",25,26,22
37523,180,"NO UNUSUAL CONTAMINANTS DETECTED  ",25,26,22
37524,180,"NO UNUSUAL CONTAMINANTS DETECTED  ",22,24,23
37525,180,"NO UNUSUAL CONTAMINANTS DETECTED  ",22,24,23
37526,180,"NO UNUSUAL CONTAMINANTS DETECTED  ",24,22,23
37535,180,"  ",20,22,21
37647,180,"  ",20,22,21
37663,180,"  ",20,22,21
37668,180,"  ",22,24,21
37681,180,"  ",22,24,21
37682,240,"  METALLICS AND LAMINAR PARTICLES WHITE METAL",32,42,35
37698,180,"  ",20,26,21
37710,240,SAMPLE WEIGHT 0.1105 GRAMS,86,32,36
37735,180,"  ",20,22,21
37736,180,"SOME FIBERS DETECTED
  ",25,26,28
37746,180,"FILTER MEDIA DISCOLORED A SLIGHT GREY ",26,23,22
37747,180,"SOME FIBERS DETECTED  ",25,26,28
37748,180,SOME MOLY DETECTED -  FILTER MEDIA DISCOLORED A SLIGHT GREY,25,26,22
37752,180,"A FEW BLACK SPHERES RANGING FROM 5 TO 15 uM IN SIZE. SOME FIBERS DETECTED. ",25,26,28
37754,180,"A FEW BLACK SPHERES RANGING FROM 5 TO 15 uM IN SIZE.  SOME EVIDENCE OF POSSIBLE SLIGHT OVERHEATING.  WEAR PARTICLES APPEARED TO BE COPPER ALLOY AND WHITE METAL AND INCLUDED SLIDING, LAMINAR AND CUTTING PARTICLES.  IMAGE TAKEN  ",24,26,30
37799,180,"  ",20,28,21
37800,180,"  ",20,22,21
37831,180,"  ",20,22,21
37832,240," ",35,38,37
37849,180,"METALLICS MOSTLY LESS THAN 10 uM - A FEW LAMINAR PARTICLES.  ",24,21,28
37850,180,"SOME FIBERS DETECTED - SOME EVIDENCE OF POSSIBLE SLIGHT OVERHEATING  ",25,26,30
37852,180,"SOME EVIDENCE OF POSSIBLE SLIGHT OVERHEATING -  METALLICS BOTH WHITE METAL AND COPPER ALLOY. ",24,21,28
37854,180,"METALLICS BOTH WHITE METAL AND COPPER ALLOY-SOME EVIDENCE OF POSSIBLE OVERHEATING. ",27,21,24
37854,240,"METALLICS BOTH WHITE METAL AND COPPER ALLOY ",36,37,32
37855,180," ",25,26,28
37855,240,"SLIGHT METALLICS DETECTED ",37,36,39
37856,180,"MINOR METALLICS LAMINAR PARTICLES  ",27,21,24
37862,180,NO UNUSUAL CONTAMINANTS DETECTED,24,26,22
37926,240," ",42,43,41
37928,240," ",42,43,41
37931,180,"  ",20,22,21
37940,180,"  ",20,28,21
37950,180,"CUTTING WEAR PARTICLES - SOME COARSE SLIDING WEAR PARTICLES   ",20,21,22
37962,120,"FILTER INTERNALS EXAMINATION DID NOT INDICATE THE PRESENCE OF VARNISH - METALLICS LAMINAR, SLIDING, CUTTING WEAR PARTICLES - SOME EVIDENCE OF POSSIBLE OVERHEATING.",36,39,32
37964,120,"FILTER INTERNALS EXAMINATION DID NOT INDICATE THE PRESENCE OF VARNISH. ",36,39,32
37975,240," ",35,34,32
37976,180,"  ",20,22,21
37978,240," ",35,34,32
37986,180,"  ",20,22,21
37996,180,"  ",20,28,21
38018,180,"NO UNUSUAL CONTAMINANTS DETECTED  ",22,25,26
38044,180,"  ",20,22,21
38047,240,"WEAR PARTICLES CONSISTING OF SLIDING WEAR AND CUTTING WEAR AND LAMINARS - SOME NON-FERROUS METALS OF COPPER ALLOY  ",162,39,35
38048,240,"WEAR PARTICLES CONSISTING OF SLIDING WEAR AND CUTTING WEAR AND LMINARS - SOME NON-FERROUS METALS OF COPPER ALLOY  ",39,162,36
38073,180,"NO UNUSUAL COMTAMINANTS DETECTED ",22,25,26
38076,180,"  ",20,22,24
38109,180,"  ",20,22,28
38152,180,"  ",20,22,28
38161,180,"  ",20,22,21
38171,180,"  A FEW METALLIC PARTICLES CONSISTING OF WHITE AND COPPER ALLOY - SOME EVIDENCE OF POSSIBLE OVERHEATING - SLIGHT BROWNISH COLOR TO FILTER MEDIA",26,25,22
38172,180,"SEVERAL METALLIC PARTICLES CONSISTING OF WHITE AND COPPER ALLOY - SOME EVIDENCE OF POSSIBLE OVERHEATING - SLIGHT BROWNISH COLOR TO FILTER MEDIA ",26,25,22
38173,180,"SLIGHT BROWNISH COLOR TO FILTER MEDIA  ",26,22,25
38193,180,"  ",20,22,21
38236,180,"  ",20,22,28
38279,180,"  ",20,165,21
38281,180,"  ",20,165,21
38343,180,"  ",20,22,21
38346,180,"  ",20,22,24
24584,180," ",36,37,33
24588,180," ",35,33,58
24593,180," ",33,35,37
24598,180," ",33,35,37
24599,180," ",33,58,58
24766,180,ONE 300 uM CUTTING WEAR PARTICLE,31,32,58
24796,240," ",86,32,33
24883,180," ",35,58,33
24901,180," ",35,58,33
24936,180," ",35,58,33
24937,180," ",35,58,58
24950,180,"NO UNUSUAL CONTAMINANTS DETECTED ",35,32,33
25030,240," ",35,86,32
26542,240," ",39,58,58
26545,240," ",86,58,58
27785,240," ",35,39,32
27977,240,ONE FATIGUE PARTICLE GREATER THAN 4000 UM IN LENGTH - IMAGE TAKEN,38,41,42
28058,240,"SAMPLE WT 0.0720 ",86,42,58
28754,180,"  ",31,39,32
28852,180,"  ",31,39,32
29098,240,"0.45 G/GREASE-METALLICS COARSE SLIDING WEAR, CUTTING WEAR-LAMINAR WEAR-ALL METALLICS WERE WHITE METAL.",86,32,34
29440,180,"  ",31,58,32
30024,240," ",43,42,39
30117,180,"NO UNUSUAL CONTAMINANTS DETECTED  ",33,58,58
30169,180,"  ",31,39,32
30170,180,"  ",32,58,32
30336,180,"NO UNUSUAL CONTAMINANTS DETECTED  ",33,35,34
30352,240," ",42,39,43
30626,180,NO UNUSUAL CONTAMINANTS DETECTED,33,58,58
30627,180,"  ",36,33,58
30628,180,"  ",33,58,35
30666,240,"MOSTLY YELLOW METAL PARTICLES-FEW WHITE METAL PARTICLES  ",86,41,42
30808,240,"BOTH WHITE AND YELLOW METAL PRESENT. SOME SLIDING WEAR PARTICLES.  ONE PARTICLE 325 uM. SOME EVIDENCE OF POSSIBLE OVERHEATING. IMAGES TAKEN. ",86,41,42
31021,120," ",35,39,34
31121,180,"  ",37,33,35
31229,180,"  ",31,58,32
31788,180,"FILTER COLOR GRAY  ",35,34,39
31793,180,"  ",35,58,33
31796,180,"  ",33,35,32
31797,180,"  ",33,58,36
31803,180,"  ",33,35,32
31825,180,"   ",33,37,35
32919,240,"METALLICS BOTH WHITE METAL AND COPPER ALLOY- SOME LAMINAR-SLIDING-FATIGUE PARTICLES-MOLY PRESENT ",36,32,37
34471,180,"    ",22,24,23
34472,180,A FEW BLACK SPHERES RANGING FROM 10 TO 20 uM IN SIZE.,23,24,22
34473,180," SEVERAL COPPER ALLOY PARTICLES DETECTED  ",25,26,22
34478,180,"A FEW COPPER ALLOY PARTICLES DETECTED.  ",25,26,22
34541,240,"COARSE PARTICLES COPPER ALLOY
SLIDING WEAR PARTICLES WHITE METAL ",86,41,44
34621,240,"METALLICS LAMINAR AND SLIDING WEAR PARTICLES ",35,32,39
34654,180,"NO UNUSUAL CONTAMINANTS DETECTED   ",22,165,25
34661,180,"NO UNUSUAL CONTAMINANTS DETECTED   ",22,165,25
34675,240,"TRACE OF METALLICS WHITE METAL SLIDING WEAR ",86,33,32
34679,180,"NO UNUSUAL CONTAMINANTS DETECTED  ",26,22,25
34680,180,"NO UNUSUAL CONTAMINANTS DETECTED ",26,24,22
34683,180,"NO UNUSUAL CONTAMINANTS DETECTED  ",22,26,21
34684,180,"NO UNUSUAL CONTAMINANTS DETECTED  ",22,26,24
34685,180,"NO UNUSUAL CONTAMINANTS DETECTED  ",22,25,26
34686,180,"NO UNUSUAL CONTAMINANTS DETECTED  ",22,25,26
34701,180,"  ",20,28,21
34760,180,"  ",20,28,21
34770,120,FILTER INTERNALS EXAMINATION DID NOT INDICATE THE PRESENCE OF VARNISH - TRACE AMOUNTS OF SLIDING AND CUTTING WEAR,36,39,32
34827,240,"METALLICS LAMINAR, SLIDING, CUTTING PARTICLES - SOME EVIDENCE OF POSSIBLE OVERHEATING. ",32,35,39
34848,180,"NO UNUSUAL CONTAMINANTS DETECTED  ",22,165,24
34853,240,SOME EVIDENCE OF POSSIBLE OVERHEATING,36,39,33
35075,180,"  ",20,165,21
35209,180,"  ",20,22,21
35210,180,"  ",20,22,21
35212,180,"  ",24,22,21
35345,180,"  ",20,28,21
35383,180,"  ",25,22,28
35388,180,"  ",25,22,28
35398,180,"  ",20,28,21
35411,240,"WEAR METALS BOTH COPPER ALLOY AND WHITE METAL. SOME CUTTING WEAR AND MOLY DETECTED -SOME EVIDENCE OF POSSIBLE OVERHEATING  ",41,36,162
35412,240,"SOME EVIDENCE OF POSSIBLE OVERHEATING - WEAR METALS BOTH COPPER ALLOY AND WHITE METAL. SOME CUTTING AND SLIDING WEAR AND MOLY DETECTED. ",162,41,36
35424,180,"SOME AMBER COLOR SPHERES NOTED  ",22,25,21
35425,180,"  ",23,24,21
35441,240,"METALLICS CONSISTING OF WHITE AND COPPER ALLOY PARTICLES - LAMIMARS AND CUTTING WEAR ",36,32,39
35517,180,"METALLICS FINE WEAR DEBRIS  ",24,21,26
35575,180,"  ",20,22,21
35589,180,"SOME INSECT PARTS DETECTED.  ",26,25,22
35620,180,"NO UNUSUAL CONTAMINANTS DETECTED  ",22,26,25
35643,180,"  ",20,22,21
35672,180,"NO UNUSUAL CONTAMINANTS DETECTED  ",26,25,22
35727,180,"  ",20,28,21
35734,180,"  ",22,23,28
35816,180,"SOME INSECT BODY PARTS DETECTED - NO UNUSUAL CONTAMINANTS DETECTED ",22,21,26
35856,180,"NO UNUSUSAL CONTAMINANTS DETECTED  ",22,26,24
35860,180,"NO UNUSUAL CONTAMINANTS DETECTED ",26,25,22
35862,180,"NO UNUSUAL CONTAMINANTS DETECTED  ",26,25,22
35977,180,"  ",20,165,21
36079,240,"METALLICS CONSISTING OF LAMINARS AND SLIDING WEAR ",36,39,32
36091,180," ",20,22,21
36094,180,"NO UNUSUAL CONTAMINANTS DETECTED   ",22,26,165
36361,180,"  ",20,22,21
36362,180,"  ",20,22,21
36377,180,"  ",27,25,26
36479,180,"  ",23,22,24
36582,180,"  ",20,22,21
36583,180,"NON-FERROUS METAL COPPER ALLOY - THESE PARTICLES WERE CUTTING, SLIDING, LAMINAR AND FATIGUE WEAR - WHITE METAL PARTICLES SLIDING AND FATIGUE WEAR - SOME EVIDENCE OF POSSIBLE OVERHEATING",30,24,165
36638,180,"  ",20,22,21
36639,180,"  ",20,22,21
36689,180,"  ",22,26,24
36838,240,"METALLICS CONSIST OF WHITE AND COPPER ALLOY PARTICLES ",39,36,32
37000,180,"  ",20,28,21
37001,180,"  ",20,22,24
37031,180,"NO UNUSUAL CONTAMINANTS DETECTED   ",22,165,24
37033,180,"NO UNUSUAL CONTAMINANTS DETECTED  ",22,26,165
37243,180,"  ",20,22,21
37270,180,"     ",20,28,21
37289,180,"  ",20,28,21
37445,180,"   ",20,22,21
37495,180,"  ",20,22,21
37621,240,"NO UNUSUAL CONTAMINANTS DETECTED  ",33,58,35
37713,240,"GREASE SAMPLE WEIGHT 0.3568 G  -  SLIDING WEAR WHITE METAL - ONE  PARTICLE MEASURING APRX 3//8"" IN LENGTH- SECOND IMAGE TAKEN",86,44,36
37749,180,"FILTER MEDIA DISCOLORED A SLIGHT GREY  ",25,22,26
37750,180,"A FEW BLACK SPHERES RANGING FROM 5 TO 15 uM IN SIZE.  ",25,26,22
37751,180,A FEW BLACK SPHERES RANGING FROM 5 TO 15 uM IN SIZE. SOME MOLY DETECTED.,25,26,22
37753,180,"A FEW BLACK SPHERES RANGING FROM 5 TO 15 uM IN SIZE.  SOME EVIDENCE OF POSSIBLE SLIGHT OVERHEATING.  WEAR PARTICLES APPEARED TO BE COPPER ALLOY AND INCLUDED SLIDING, LAMINAR AND CUTTING PARTICLES.  IMAGE TAKEN",25,26,30
37755,180," A FEW BLACK SPHERES RANGING FROM 5 TO 20 uM IN SIZE. SOME FIBERS DETECTED.",25,26,21
37756,180,"BLACK SPHERES RANGING FROM 5 TO 20 uM IN SIZE PRESENT. ",25,26,22
37853,180,"  A FEW BLACK SPHERES RANGING FROM 5 TO 20 uM IN SIZE. SOME EVIDENCE OF POSSIBLE SLIGHT OVERHEATING.",25,30,26
37929,240," ",42,43,41
37936,180,"METALLICS COPPER ALLOY CUTTING WEAR  ",20,22,21
38072,180,"NO UNUSUAL CONTAMINANTS DETECTED  ",22,26,25
38154,180,"  ",22,24,21
38170,180,"SOME SAND AND DIRT ",20,22,21
38347,180,"  ",20,22,21
38361,180,"  ",20,22,26
38391,180,"  ",20,22,21
38434,180,"SOME COPPER ALLOY PARTICLES    ",20,22,21
38435,180,"  ",20,22,24
38517,180,NO UNUSUAL CONTAMINANTS DETECTED,22,26,24
38536,180,"  ",20,22,21
38577,240,NULL,34,37,35
38590,240,"VOLUME OF 500 ML SAMPLE VACUUMED THROUGH A 0.45 uM FILTER PAPER. METALLICS TOO FEW AND TOO SMALL TO IDENTIFY. ",33,36,32
38607,180,"  ",20,22,21
38608,180,"  ",20,22,28
38609,180,"  ",20,22,21
38645,180,"  ",20,22,28
38669,240,"METALLICS SMALL FERROUS AND NON-FERROUS  ",32,39,36
38686,180,"  ",20,28,21
38691,180,"  ",20,28,21
38711,180,"NO UNUSUAL CONTAMINANTS DETECTED   ",25,26,21
38714,180,"NO UNUSUAL CONTAMINANTS DETECTED   ",22,25,26
38724,180,"  ",20,28,21
38798,180,"  ",20,22,21
38816,180,"  ",20,22,21
38849,180,"  ",22,165,24
38851,180,"  ",25,26,28
38861,180,"  ",27,25,26
38862,180,"A FEW METALLICS INDICATE EVIDENCE OF POSSIBLE SLIGHT OVERHEATING.  ",22,26,25
38863,180," A FEW METALLICS INDICATE EVIDENCE OF POSSIBLE SLIGHT OVERHEATING.    ",22,25,26
38864,180," A FEW METALLICS INDICATE EVIDENCE OF POSSIBLE SLIGHT OVERHEATING.    ",26,25,22
38865,180,"SOME MOLY PRESENT - METALLICS COPPER ALLOY AND WHITE METAL - OPAQUE AND DARK SPHERES PRESENT ",25,26,21
38921,180,"  ",26,25,22
38922,240,"VERY LITTLE DEBRIS WAS DETECTED ON THE FILTER MEDIA. ",33,35,58
39015,180,"  ",20,28,21
39044,180,"  ",21,22,28
39057,180,"NO UNUSUAL COMTAMINANTS DETECTED   ",22,24,21
39058,180,"NO UNUSUAL COMTAMINANTS DETECTED   ",22,25,26
39081,240,"METALLICS CONSISTING OF LAMINARS, CUTTING WEAR, NON-FERROUS METAL COPPER ALLOY  ",36,39,32
39082,240,"METALLICS CONSISTING OF LAMINARS, CUTTING WEAR, SLIDING WEAR ",32,36,39
39084,240,"METALLICS CONSISTING OF LAMINARS, CUTTING WEAR ",32,39,35
39108,180,"  ",20,22,21
39109,180,"CUTTING WEAR PARTICLES - SOME COARSE SLIDING WEAR PARTICLES   ",20,21,22
39116,180,"  ",20,28,21
39117,180,"  ",20,28,21
39129,180,"NO UNUSUAL CONTAMINANTS DETECTED  ",22,24,21
39130,180,"NO UNUSUAL COMTAMINANTS DETECTED   ",26,22,25
39138,180,"  ",20,28,21
39141,240,"VERY LITTLE DEBRIS WAS DETECTED ON THE FILTER MEDIA.  ",33,35,32
39149,180,"  ",20,22,24
39156,240,"METALLICS CONSISTING OF LAMINARS, CUTTING WEAR  ",32,39,36
39167,180,"  ",20,22,21
39195,180,"  ",20,22,21
39208,180,"SOME UNIDENTIFIABLE TRANSLUCENT CONTAMINANTS ON FILTER MEDIA - MEDIA LIGHT GREY IN COLOR  ",22,165,24
39215,180,"  ",22,165,165
39227,180,"  ",20,28,21
39233,180,"  ",20,22,21
39236,120,"FILTER INTERNALS EXAMINATION DID NOT INDICATE THE PRESENCE OF VARNISH LIKE DEPOSITS.  ",36,39,37
39254,180,"  ",20,22,21
39255,180,"  ",20,22,21
39269,180,"  ",20,24,21
39296,180,"  ",20,28,21
39299,180,"  ",20,22,21
39303,240,"NO UNUSUAL CONTAMINANTS DETECTED ",33,37,35
39305,180,"  ",20,28,21
39330,180,"  ",20,24,22
39356,180,"  ",20,22,26
39373,180,"  ",20,22,28
39374,180,"  ",20,22,61
39398,180,"  ",20,22,21
39408,180,"METALLICS COPPER ALLOY CUTTING WEAR ",20,22,21
39416,180,"ONE 200 uM COPPER ALLOY PARTICLE ",27,26,25
39430,180,"  ",20,22,21
39444,180,"  ",20,22,21
39456,180,"  ",20,22,21
39457,240,"METALLICS WHITE METAL AND COPPER ALLOY LAMINAR PARTICLES. ",32,36,39
39476,180,"EMISSION SPEC PERFORMED ON FILTER DEBRIS DID NOT PRODUCE ANY WEAR VALUES GREATER THAN 1.0 PPM   ",61,22,21
39482,180,"SOME COPPER ALLOY PARTICLES   ",20,22,21
39491,180,"  SOME COPPER ALLOY PARTICLES   ",20,22,21
39583,240,"METALLICS CONSISTING OF CUTTING WEAR - COURSE SLIDING WEAR - NON-FERROUS COPPER ALLOY PARTICLES ",33,58,32
39592,180,"  ",20,22,24
39623,180,"  ",20,22,28
39633,180," EMISSION SPEC PERFORMED ON FILTER (0.45 uM) DEBRIS DID NOT PRODUCE ANY WEAR VALUES GREATER THAN 1.0 PPM WITH THE EXCEPTION OF NICKEL AT 2 PPM, ALUMINUM AT 4 PPM AND IRON AT 18 PPM. SEVERAL COPPER ALLOY PARTICLES
CONSISTING OF CUTTING AND SLIDING WEAR.",22,26,24
39642,180,"  ",20,165,21
39646,180,"A FEW SMALL PARTICLES PRESENT CONSISTING OF BOTH COPPER ALLOY AND WHITE METAL -  LARGE EMISSION SPEC PERFORMED ON FILTER (0.45 uM) DEBRIS DID NOT PRODUCE ANY WEAR VALUES GREATER THAN 1.0 PPM WITH THE EXCEPTION OF IRON AT 2 ppm.   ",26,22,24
39662,180,"NO UNUSUAL CONTAMINANTS DETECTED   ",26,22,21
39686,180,"  ",20,22,21
39692,180,"  ",20,22,21
39698,180,"  ",20,165,21
39714,180,"METALLICS CONSIST OF LAMINARS, SLIDING WEAR, NON-FERROUS COPPER ALLOY PARTICLES - SOME EVIDENCE OF POSSIBLE OVERHEATING    ",20,25,21
39717,180,"CUTTING WEAR PARTICLES - SOME COARSE SLIDING WEAR PARTICLES   ",20,21,24
39729,180,"NO UNUSUAL COMTAMINANTS DETECTED   ",26,25,22
39762,180,"NO UNUSUAL CONTAMINANTS DETECTED   ",25,26,22
39763,180,"NO UNUSUAL CONTAMINANTS DETECTED   ",26,22,24
39764,180,"NO UNUSUAL CONTAMINANTS DETECTED   ",22,26,25
39774,180,"A FEW COURSE WEAR PARTICLES - SOME NON-FERROUS WEAR PARTICLES  ",20,22,26
39785,180,"  ",22,24,28
39786,180,"  ",25,26,22
39790,180," SOME FIBERS PRESENT - A FEW BLACK SPHERES NOTED ",24,26,28
39791,180,"SOME FIBERS PRESENT  ",24,26,28
39792,180,"SOME MOLY - A FEW DARK SPHERES NOTED  ",61,22,23
39793,180,"A FEW DARK SPHERES NOTED  ",25,22,28
39794,180,"A FEW DARK SPHERES NOTED - A FEW COPPER ALLOY PARTICLES PRESENT  ",25,22,28
39808,180," ",20,22,21
39832,180,"A FEW PARTICLES OF MOLY AND METALLICS PRESENT - A FEW DARK SPHERES NOTED ",25,22,26
39833,180,"SOME MOLY PRESENT   ",22,25,165
39908,180,"  ",20,165,21
39923,240,"BOTH WHITE METAL AND COPPER ALLLOY PARTICLES PRESENT-RED AND BLACK OXIDES, SAND/DIRT AND MOLYDISULFIDE PRESENT ",41,43,42
39925,240,"BOTH WHITE METAL AND COPPER ALLLOY PARTICLES PRESENT - SOME CUTTING WEAR - AND MOLYDISULFIDE PRESENT  ",36,32,42
39954,120," FILTER INTERNALS EXAMINATION DID NOT INDICATE THE PRESENCE OF VARNISH LIKE DEPOSITS.",39,36,32
39955,120,"FILTER INTERNALS EXAMINATION DID NOT INDICATE THE PRESENCE OF VARNISH LIKE DEPOSITS. ",39,36,32
39983,180,"  ",20,22,24
39991,180,"  ",20,22,21
40022,180,"SOME COPPER ALLOY PARTICLES   ",20,22,28
40024,180,"METALLICS COPPER ALLOY CUTTING WEAR   ",20,22,21
40097,180,"   ",20,22,24
40136,180,"  ",20,22,24
40191,180,"  ",20,22,21
40197,180,"  ",20,22,21
40205,180,"  ",20,22,21
40246,180,"  ",20,22,21
40293,180,"  ",20,24,21
40295,180,"SOME COPPER ALLOY PARTICLES PRESENT ",20,24,22
40297,180,"SOME COPPER ALLOY PARTICLES PRESENT  ",20,21,28
40347,180,"SOME COPPER ALLOY PARTICLES   ",20,22,25
40366,180,"  ",20,22,25
40367,180,"  ",20,22,169
40391,180,"  ",20,22,25
40432,180,"SOME COPPER ALLOY PARTICLES PRESENT  ",20,28,21
40433,180,"  ",20,22,28
40473,180,"  ",20,22,28
40499,180,"SOME COPPER ALLOY PARTICLES   ",20,22,21
40500,180,"  ",20,22,24
40516,240," ",42,162,39
40534,240,"METALLICS MOSTLY WHITE METAL-SOME COPPER ALLOY METALLICS-RED AND BLACK OXIDES AND MOLYDISULFIDE PRESENT  ",42,43,41
40536,240,"SOME CUTTING WEAR PARTICLES - METALLICS MOSTLY WHITE METAL-SOME COPPER ALLOY METALLICS-RED AND BLACK OXIDES AND MOLYDISULFIDE PRESENT  ",38,41,42
40561,180,"NO UNUSUAL CONTAMINANTS DETECTED  ",22,25,26
40572,180,"A FEW COURSE WEAR PARTICLES - SOME NON-FERROUS WEAR PARTICLES   ",20,28,22
40603,180,"  ",20,22,28
40645,180,"SOME COPPER ALLOY PARTICLES    ",20,21,28
40708,180,"A FEW COURSE WEAR PARTICLES - SOME NON-FERROUS WEAR PARTICLES  ",20,22,21
40721,180,"SOME METALLICS MOSTLY WHITE METAL - SOME COPPER ALLOY PARTICLES  ",20,22,28
40748,180,"  ",25,26,28
40749,180,"  ",24,28,26
40750,180,"  ",25,26,28
40762,180,"  ",27,23,24
40802,180,"  ",20,24,21
40811,240,"METALLICS COPPER ALLOY PARTICLES ",86,33,32
40883,180,"METALLICS COPPER ALLOY CUTTING WEAR ",22,24,21
40914,240,"METALLICS LAMINAR, CUTTING AND FINE WEAR PARTICLES-BOTH WHITE AND YELLOW METALS - SOME EVIDENCE OF POSSIBLE OVERHEATING  ",32,35,39
40924,180,"  ",20,28,21
40931,180," METALLICS COPPER ALLOY CUTTING WEAR 
SEVERAL PRESENT - SOME EVIDENCE OF POSSIBLE SLIGHT OVERHEATING ",20,21,28
40932,180,"  ",20,22,61
40968,180,"  ",20,28,21
40986,180,"  ",20,28,21
40989,180,"  ",20,24,21
41007,180,"NO UNUSUAL CONTAMINANTS DETECTED   ",22,24,165
41008,180,"NO UNUSUAL CONTAMINANTS DETECTED   ",22,24,21
41009,180,"NO UNUSUAL CONTAMINANTS DETECTED   ",22,24,165
41010,180,"NO UNUSUAL CONTAMINANTS DETECTED   ",22,24,165
41011,180,"NO UNUSUAL CONTAMINANTS DETECTED   ",22,24,165
41012,180," NO UNUSUAL CONTAMINANTS DETECTED   ",22,24,165
41013,180,"NO UNUSUAL CONTAMINANTS DETECTED   ",22,24,165
41014,180,"NO UNUSUAL CONTAMINANTS DETECTED   ",22,24,165
41037,180,"  ",20,24,21
41051,180,"NO COPPER ALLOY PARTICLES DETECTED.  ",20,22,28
41090,180,"  ",20,22,21
41095,180,"NO UNUSUAL COMTAMINANTS DETECTED   ",22,26,24
41096,180,"NO UNUSUAL COMTAMINANTS DETECTED   ",22,26,24
41203,180,"  ",20,24,22
41209,180,"  ",20,165,21
41280,180,"  ",20,165,28
41284,180,"UNABLE TO PERFORM MICROSCOPIC EVALUATION - HERGUTH INDICATED FILTER MEDIA WAS DESTROYED/MISPLACED - INSUFFICIENT SAMPLE TO REPEAT TEST   ",165,165,165
41332,180,"UNABLE TO PERFORM MICROSCOPIC EVALUATION - HERGUTH INDICATED FILTER MEDIA WAS DESTROYED/MISPLACED - INSUFFICIENT SAMPLE TO REPEAT TEST ",165,165,165
41350,180,"NO UNUSUAL CONTAMINANTS DETECTED   ",61,22,21
41423,180,"  ",20,22,28
41445,180,"SOME METALLICS MOSTLY WHITE METAL  ",20,22,28
41446,180,"SOME METAIILCS MOSTLY WHITE METAL - SOME COPPER ALLOY PARTICLES ",20,22,28
41465,180,"SOME METALLICS MOSTLY WHITE METAL  ",20,165,28
41687,240,"METALLICS CONSISTING OF MOSTLY WHITE METAL PARTICLES - SOME COPPER ALLOY PARTICLES PRESENT ",86,33,32
41692,180," SOME METAIILCS MOSTLY WHITE METAL - SOME COPPER ALLOY PARTICLES   ",20,22,28
41700,180,"SOME METALLICS MOSTLY WHITE METAL - SOME COPPER ALLOY PARTICLES  ",20,22,28
41710,180,"  ",25,22,28
41712,180," SOME METALLICS MOSTLY WHITE METAL - SOME COPPER ALLOY PARTICLES - ONE 100 uM PARTICLE PRESENT - IMAGE TAKEN   ",22,25,28
41713,180,"METALLICS COPPER ALLOY AND WHITE METAL-SOME MOLY   ",27,25,26
41714,180,"SOME EVIDENCE OF POSSIBLE SLIGHT OVERHEATING ",22,26,21
41725,180,"SOME COPPER ALLOY PARTICLES PRESENT   ",20,22,28
41765,180,"  ",20,22,28
41766,180,"SOME COPPER ALLOY PARTICLES PRESENT   ",20,22,21
41816,240,"SOME METALLICS MOSTLY WHITE METAL - ONE 20 uM COPPER ALLOY CUTTING WEAR PARTICLE - IMAGE TAKEN - SOME EVIDENCE OF POSSIBLE SLIGHT OVERHEATING ",33,35,39
41829,240,METALLICS CONSISTING OF MOSTLY FINE WEAR PARTICLES - LAMINARS - SLIDING WEAR - SOME COPPER ALLOY PARTICLES,36,39,32
41839,180,"QUANTITY AND TYPE OF CONTAMINANTS HISTORICALLY NOT TYPICAL OF NEW OIL  ",22,25,21
41840,180,"NO UNUSUAL COMTAMINANTS DETECTED   ",22,26,25
41841,180,"NO UNUSUAL COMTAMINANTS DETECTED   ",22,26,25
41865,240,"A FEW METALLICS PRESENT - WHITE METAL AND COPPER ALLOY - SOME EVIDENCE OF POSSIBLE SLIGHT OVERHEATING ",33,37,36
42000,180,"SOME METALLICS MOSTLY WHITE METAL - SOME COPPER ALLOY PARTICLES   ",20,22,28
42097,180,"NO UNUSUAL CONTAMINANTS DETECTED   ",26,22,21
42145,180,"SOME MOLY PRESENT ",20,22,61
42146,180,"SOME COPPER ALLOY PARTICLES PRESENT   ",20,22,21
42218,180,"  ",20,22,28
42243,180,"  ",20,22,28
42289,180,"SOME COPPER ALLOY PARTICLES PRESENT   ",20,22,28
42398,180,"SOME METALLICS MOSTLY WHITE METAL   ",20,22,61
42418,180,"SOME METALLICS MOSTLY WHITE METAL  ",20,22,24
42421,180,"METALLICS MOSTLY WHITE METAL   ",20,22,21
42470,180,"  ",20,22,61
42476,240,"METALLICS MOSTLY WHITE METAL - CONSISTING OF MOSTLY LAMINARS - A FEW SLIDING WEAR PARTILCES - SOME COPPER ALLOY PARTICLES - SOME EVIDENCE OF POSSIBLE SLIGHT OVERHEATING ",35,32,37
42484,180,"  ",20,22,28
42492,180,"SOME MOLY - SOME METALLICS MOSTLY WHITE METAL   ",20,22,26
42507,180,"METALLICS CONSISTING OF MOSTLY WHITE AND YELLOW METALS - SOME COPPER ALLOY PARTICLES   ",20,165,21
42519,180,"  ",20,22,61
42594,180,"  ",20,22,61
42595,180,"SOME METALLICS MOSTLY WHITE METAL   ",20,22,28
42599,180,"  ",20,22,24
42698,180,"NO UNUSUAL CONTAMINANTS DETECTED   ",22,25,26
42736,180,"  ",20,22,61
42766,180,"  ",20,22,28
42786,180,"NO UNUSUAL CONTAMINANTS DETECTED  ",26,24,22
42787,180,"NO UNUSUAL CONTAMINANTS DETECTED   ",26,24,22
42788,180,"NO UNUSUAL CONTAMINANTS DETECTED   ",61,165,22
42805,180,"  ",20,22,28
42806,180,"  ",20,22,28
42828,180,"NO UNUSUAL CONTAMINANTS DETECTED   ",22,61,165
42878,180,"A FEW METALLICS PRESENT ",22,61,23
42879,180,"METALLICS CONSISTING OF MOSTLY WHITE METALS - MOSTLY LAMINARS - A FEW SLIDING WEAR PARTICLES  ",20,28,21
42914,240,"METALLICS MOSTLY COPPER ALLOY - CONSISTING OF CUTTING WEAR - SEVERE SLIDING WEAR AND LAMINAR WEAR PARTICLES - SOME EVIDENCE OF POSSIBLE SLIGHT OVERHEATING ",32,35,33
42917,180,"NO UNUSUAL CONTAMINANTS DETECTED  ",22,26,24
42984,180,"METALLICS MOSTLY WHITE METAL - A FEW COPPER ALLOY PARTICLES PRESENT - ONE 40 uM SLIDING WEAR PARTICLE - IMAGE TAKEN ",20,22,21
42998,180,"METALLICS MOSTLY WHITE METAL - A FEW COPPER ALLOY PARTICLES PRESENT - LAMINARS - SEVERE SLIDING WEAR - CUTTING WEAR - FATIGUE WEAR - SOME EVIDENCE OF SLIGHT POSSIBLE OVERHEATING - PARTICLE SIZE RANGE < 10 uM TO > 150 uM   ",21,24,22
43010,180,"SOME METALLICS - MOSTLY WHITE METAL - A FEW COPPER ALLOY PARTICLES PRESENT -POSSIBLE INSECT PARTS   ",22,24,28
43028,180,"NO UNUSUAL CONTAMINANTS DETECTED   ",22,26,21
43033,180,"SOME MOLY PRESENT - METALLICS MOSTLY WHITE METAL ",20,21,22
43035,180,"  ",20,22,28
43040,180,"A FEW BLACK SPHERES NOTED - ONE 135 uM CUTTING PARTICLE - APPEARS TO BE OVERHEATED - IMAGE TAKEN  ",23,22,24
43041,180,MAJOR WAS OF AN UNIDENTIFIABLE MATERIAL - SOME MOLY PRESENT - SOME METALLICS - MOSTLY WHITE METAL - A FEW COPPER ALLOY PARTICLES PRESENT - SOME FURTHER TESTING MAY BE PERFORMED AT A LATER DATE,165,22,25
43042,180,"A FEW METALLICS DETECTED - SOME EVIDENCE OF POSSIBLE SLIGHT OVERHEATING - IMAGE TAKEN  ",25,22,26
43043,180,"SOME MOLY PRESENT - A FEW METALLICS - MOSTLY WHITE METAL - ONE 70 uM YELLOW WEAR PARTICLE DETECTED - IMAGE TAKEN  ",22,24,26
43044,180,A FEW DARK SPHERES AND OPAQUE SPHERES NOTED - A FEW METALLICS - MOSTLY WHITE METAL,25,22,28
43045,180,"SOME MOLY PARTICLES PRESENT - A FEW DARK SPHERES AND OPAQUE SPHERES NOTED  ",25,22,26
43046,180,"SOME MOLY PARTICLES PRESENT - A FEW METALLICS - MOSTLY WHITE METAL -   A FEW DARK SPHERES AND OPAQUE SPHERES NOTED ",24,22,23
43060,180,"SOME METALLICS DETECTED - MOSTLY WHITE METAL - A FEW CUTTING WEAR PARTICLES PRESENT - IMAGE TAKEN ",24,23,26
43064,180," SOME FIBERS PERSENT - METALLICS MOSTLY WHITE METAL - A FEW COPPER ALLOY PARTICLES PRESENT - SOME DARK SPHERES NOTED",24,21,26
43065,180,"  ",22,24,21
43066,180,"SOME FIBERS PRESENT - SOME RED OXIDES PRESENT - A FEW DARK SPHERES NOTED   ",26,24,21
43067,180,"SOME MOLY DETECTED ",61,22,21
43068,180,"METALLICS BOTH WHITE METAL - YELLOW METAL AND COPPER ALLOY-LAMINAR, CUTTING AND SLIDING WEAR - A FEW RED OXIDES PRESENT",61,21,28
43069,180,"METALLICS WHITE METAL AND COPPER ALLOY - SOME MOLY DETECTED - SOME FIBERS PRESENT   ",26,25,21
43070,180,"SOME METALLICS - MOSTLY WHITE METAL - SOME FIBERS PRESENT  ",169,25,28
43071,180,"METALLICS MOSTLY WHITE METAL - CONSISTING OF NORMAL RUBBING - LAMINARS AND SLIDING WEAR PARTICLES  ",61,21,22
43095,180,"METALLICS MOSTLY WHITE METAL   ",20,22,21
43105,180,"  ",20,22,21
43119,180,"SOME MOLY PRESENT - METALLICS MOSTLY WHITE METAL   ",20,21,22
43160,180,"  ",20,22,28
43161,180,"METALLICS CONSISTING OF MOSTLY WHITE METALS - MOSTLY LAMINARS - A FEW CUTTING WEAR AND SLIDING WEAR PARTICLES - SOME EVIDENCE OF POSSIBLE SLIGHT OVERHEATING ",20,28,21
43175,180,"NO UNUSUAL CONTAMINANTS DETECTED   ",26,22,25
43176,180,"NO UNUSUAL CONTAMINANTS DETECTED   ",26,24,23
43177,180,"SOME METALLICS MOSTLY WHITE METAL - A FEW COPPER ALLOY PARTICLES PRESENT  ",20,22,25
43235,180,"METALLICS MOSTLY WHITE METAL   ",20,22,21
43250,240,"SOME METALLICS MOSTLY WHITE AND YELLOW METAL - A FEW CUTTING WEAR AND SLIDING WEAR PARTICLES ",33,35,37
43254,180," METALLICS MOSTLY WHITE METAL - SOME COPPER ALLOY PARTICLES ",20,22,21
43262,180," METALLICS MOSTLY WHITE METAL - A FEW COPPER ALLOY PARTICLES  ",20,22,21
43266,180,"   ",23,61,22
43268,180,"SOME METAIILCS MOSTLY WHITE METAL - A FEW COPPER ALLOY PARTICLES   ",20,22,28
43271,180,"  ",20,22,21
43335,180,"  ",22,61,21
48516,180,"A FEW METALLICS PRESENT - MOSTLY WHITE METALS   ",20,165,22
48531,180,"NO UNUSUAL CONTAMINANTS DETECTED   ",22,165,26
48532,180,"NO UNUSUAL CONTAMINANTS DETECTED   ",26,165,22
24967,240," ",86,35,32
25006,180," ",31,33,32
25010,180," ",31,58,32
25079,240,"METALLICS SHOW EVIDENCE OF POSSIBLE OVERHEATING. ",86,35,32
25221,120,"Extra particles ",32,33,37
25221,240,"Testing 1,2,3 ",39,34,32
25756,180,"  ",33,58,58
25835,180,ONE 470 uM PARTICLE DETECTED.,93,94,32
25919,240,"IRON AND COPPER PARTICLES - IMAGE TAKEN ",86,32,33
25954,240,"IMAGE TAKEN ",86,33,32
25957,240,IRON AND COPPER PARTICLES - IMAGE TAKEN,86,32,33
26005,180,"  ",36,33,39
26006,180,HIGH RUST CONTENT,34,33,35
26494,120,"COPPER ALLOY SLIDING,LAMINAR,FATIGUE WEAR PARTICLES-SPEC INDICATES CU 1250-FE 979-PB 150
SN 67 ",32,35,58
26622,240,"METALLICS CUTTING AND LAMINAR PARTICLES. IMAGE TAKEN. ",86,32,33
26692,180,"1 100 uM COPPER CUTTING WEAR PARTICLE ",31,32,33
26938,180,"  ",31,33,32
27061,180,"  ",31,58,32
27092,120,"RESIDUE SPEC DATA - FE 454 PPM - PB 1120 PPM - CU 7298 PPM - SN 475 PPM - AL 21 PPM - IMAGE TAKEN -
COPPER ALLOY SLIDING, LAMINAR FATIGUE WEAR PARTICLES. ",32,35,58
27373,180,"  ",31,58,32
27456,180,"WEIGHT DUE TO UNIDENTIFIABLE SUBSTANCE IN OIL.  IMAGE TAKEN.  ",58,58,58
27701,180,"  ",31,33,32
28146,180,"   ",31,33,32
28647,240," ",43,42,39
28648,240," ",42,38,43
29364,180,"  ",31,33,39
29388,180,"  ",35,58,33
29419,240,METALLICS SLIDING-LAMINAR-CUTTING WEAR PARTICLES-SPHERES OF VARIOUS MICRON SIZES-EVIDENCE OF OVERHEATING - IMAGES TAKEN,86,32,58
29506,180,"  ",31,33,32
29530,180,"  ",31,33,32
29550,120,"NO UNUSUAL METALLICS DETECTED ",35,39,34
29943,180," ",36,33,39
30128,240," ",86,34,32
30566,180,"  ",31,58,32
30921,180,"  ",31,58,32
31546,180,"  ",31,39,32
32415,240," ",86,35,32
32478,180,"  ",31,33,32
32528,180,"  ",31,39,32
32575,180,"  ",31,33,32
32809,180,"  ",20,22,21
32869,180,"     ",20,22,21
33096,180,"A FEW PARTICLES OF MOLY AND METALLICS PRESENT  ",25,26,22
33097,180," TRACE OF METALLICS - MOSTLY WHITE METAL-A FEW APPEARED TO BE A COPPER ALLOY    ",28,24,21
33098,180,"  ",22,24,28
33099,180,"  ",22,24,26
33100,180," TRACE OF METALLICS - MOSTLY WHITE METAL-A FEW RED OXIDES AND FIBERS ",24,28,21
33101,180,"  ",20,22,21
33107,180,"  ",24,28,22
33450,180," ",20,22,21
33459,180,"   ",22,165,165
33460,180,"   ",22,165,165
33583,180,"  ",20,165,21
33590,180,"  ",20,28,21
33632,180,"  ",20,28,21
33655,180,"  ",20,22,21
33675,180,"  ",20,28,21
33700,180,"  ",20,28,21
33734,240,"NO UNUSUAL CONTAMINANTS DETECTED ",58,58,33
33745,180,"  ",20,165,21
33793,180,"NO UNUSUAL CONTAMINANTS DETECTED   ",22,165,25
33815,180,"   ",20,22,21
33892,240,"Tim has requested images of the microscopic particles. Major, Minor, Trace not applicable.
The sample contained dry, brittle granules, varying colors of green. Image taken.",58,58,58
33893,240,"Tim has requested images of the microscopic particles. Major, Minor, Trace not applicable.
The sample contained dry, brittle granules, varying colors of green. Image taken. ",58,58,58
33894,240,"Tim has requested images of the microscopic particles. Major, Minor, Trace not applicable.
The sample contained dry, brittle granules, varying colors of green with some liquid present. Image taken.",58,58,58
33920,180,"NO UNUSUAL CONTAMINANTS DETECTED ",22,26,165
33922,180,"NO UNUSUAL CONTAMINANTS DETECTED  ",22,165,24
33982,180," ",20,28,21
34054,240,NO UNUSUAL CONTAMINANTS DETECTED,33,58,58
34133,180,"  ",20,28,21
34147,240,"MAJOR METALLICS LAMINAR, FATIGUE, SLIDING, AND COARSE WEAR PARTICLES.  SOME EVIDENCE OF POSSIBLE OVERHEATING. ",32,43,162
34167,240,"MAJOR METALLICS LAMINAR, FATIGUE, SLIDING, AND COARSE WEAR PARTICLES. SOME EVIDENCE OF POSSIBLE OVERHEATING.  ",32,43,162
34168,180,"  ",20,28,21
34173,240," METALLICS INCLUDED VERY FINE PARTICLES AND A FEW PARTICLES WITH EVIDENCE OF POSSIBLE OVERHEATING.",32,37,33
34183,180,NO UNUSUAL CONTAMINANTS DETECTED,25,26,22
34184,180,"NO UNUSUAL CONTAMINANTS DETECTED  ",22,24,23
34185,180,"NO UNUSUAL CONTAMINANTS DETECTED  ",24,22,23
34186,180,"NO UNUSUAL CONTAMINANTS DETECTED  ",25,22,26
34188,180,"NO UNUSUAL CONTAMINANTS DETECTED ",22,25,26
34189,180,"NO UNUSUAL CONTAMINANTS DETECTED ",25,22,26
34190,180,"NO UNUSUAL CONTAMINANTS DETECTED ",21,24,23
34191,180,"   ",20,28,21
34193,180,"  ",20,28,21
34194,240,"METALLICS INCLUDED VERY FINE PARTICLES AND A FEW PARTICLES WITH EVIDENCE OF POSSIBLE OVERHEATING.
 ",32,37,33
34218,180,"   ",20,22,21
34300,240,"MAJOR METALLICS LAMINAR, FATIGUE, SLIDING, AND COARSE WEAR PARTICLES.  IMAGE TAKEN",32,36,33
39779,240," ",33,35,37
39787,180,"A FEW DARK SPHERES ANC OPAQUE SPHERES NOTED  ",24,22,23
39788,180,"TRACE OF METALLICS - MOSTLY WHITE METAL-A FEW APPEARED TO BE A COPPER ALLOY - SOME MOLY  ",22,25,21
39789,180,"SOME FIBERS PRESENT   ",26,25,21
39798,180,"METALLICS MOSTLY WHITE METAL - SOME COPPER ALLOY PARTICLES ",20,22,21
39821,180,"SOME MOLY  ",22,25,21
39909,180,"SOME COPPER ALLOY PARTICLES   ",20,22,21
39924,240,"METALLICS MOSTLY WHITE METAL-SOME COPPER ALLOY METALLICS-RED AND BLACK OXIDES AND MOLYDISULFIDE PRESENT.  ",41,42,43
39934,180,"NO UNUSUAL CONTAMINANTS DETECTED   ",22,23,24
39956,120,"FILTER INTERNALS EXAMINATION DID NOT INDICATE THE PRESENCE OF VARNISH LIKE DEPOSITS. ",39,36,32
39982,180,"  ",20,22,24
40111,180,"   ",20,22,24
40173,180,"  ",20,22,21
40339,180,"NO UNUSUAL CONTAMINANTS DETECTED ",26,22,25
40362,180," SOME COPPER ALLOY PARTICLES   ",20,22,21
40533,240,"METALLICS MOSTLY WHITE METAL-SOME COPPER ALLOY METALLICS-RED AND BLACK OXIDES AND MOLYDISULFIDE PRESENT   ",42,43,41
40535,240,"SOME CUTTING WEAR PARTICLES - METALLICS MOSTLY WHITE METAL-SOME COPPER ALLOY METALLICS-RED AND BLACK OXIDES AND MOLYDISULFIDE PRESENT  ",42,38,43
40562,180,"NO UNUSUAL CONTAMINANTS DETECTED   ",25,26,22
40577,180,"  ",20,24,22
40621,180,"CUTTING WEAR PARTICLES - SOME COARSE SLIDING WEAR PARTICLES   ",20,21,22
40655,180,"SOME COPPER ALLOY PARTICLES   ",20,22,21
40720,180,"SOME COPPER ALLOY PARTICLES PRESENT   ",20,24,21
40740,180,"A FEW COPPER ALLOY PARTICLES AND MOLY DETECTED  ",25,22,21
40741,180,"A FEW COPPER ALLOY PARTICLES DETECTED. ",22,25,21
40742,180,"A FEW COPPER ALLOY PARTICLES DETECTED  ",25,22,21
40743,180,"  ",25,22,28
43264,240,"A FEW WHITE METALS PRESENT. SOME EVIDENCE OF SLIGHT POSSIBLE OVERHEATING. A FEW COPPER ALLOY PARTICLES. IMAGE TAKEN  ",33,58,39
43326,180,"SOME MOLY PRESENT - METALLICS MOSTLY WHITE METAL    ",20,21,24
43331,180,"  ",20,22,28
43339,180,"METALLICS MOSTLY WHITE METAL   ",20,22,21
43349,180,"     ",22,23,61
43373,180,"  ",24,22,21
43379,180,"METALLICS MOSTLY WHITE METAL - A FEW COPPER ALLOY PARTICLES   ",20,22,21
43384,180,"  SAMPLE SIZE USED WAS 50 ML - METALLICS CONSISTING OF MOSTLY WHITE METAL PARTICLES. A FEW COPPER ALLOY PARTICLES  ",20,165,21
43425,180,"  ",20,165,22
43460,180,"NO UNUSUAL CONTAMINANTS DETECTED   ",22,21,24
43492,180,"SOME COPPER ALLOY PARTICLES PRESENT  ",25,22,21
43493,180,"COPPER ALLOY PARTICLES    ",22,25,21
43506,180,"A FEW COPPER ALLOY PARTICLES PRESENT.
SAND AND DIRT  ",20,21,25
43511,180,"METALLICS MOSTLY WHITE METAL   ",20,22,21
43539,180,"NO UNUSUAL CONTAMINANTS DETECTED   ",22,61,21
43540,180,"NO UNUSUAL CONTAMINANTS DETECTED   ",22,61,21
43541,180,"NO UNUSUAL CONTAMINANTS DETECTED  ",22,61,23
43542,180,"NO UNUSUAL CONTAMINANTS DETECTED   ",22,61,21
43574,180,"METALLICS MOSTLY WHITE METAL. A FEW MOLYDISULFIDE AND COPPER ALLOY PARTRICLES DETECTED. SOME EVIDENCE OF POSSIBLE SLIGHT OVERHEATING. A FEW RED AND BLACK OXIDES PRESENT.
 ",20,22,21
43580,240," ",58,33,32
43616,180,"METALLICS CONSISTING OF MOSTLY WHITE METAL PARTICLES. A FEW CUTTING WEAR PARTICLES DETECTED.    ",20,165,21
43619,180,"METALLICS MOSTLY WHITE METAL - A FEW COPPER ALLOY PARTICLES.SOME EVIDENCE OF POSSIBLE SLIGHT OVERHEATING AND RED/BLACK OXIDES PRESENT.   ",20,22,21
43631,180,"METALLICS MOSTLY WHITE METAL - A FEW COPPER ALLOY PARTICLES DETECTED. SOME EVIDENCE OF POSSIBLE OVERHEATING.    ",20,22,28
43638,180,"NO UNUSUAL CONTAMINANTS DETECTED ",61,22,23
43639,180,"  ",20,22,21
43640,180,"POSSIBLE SLIGHT OVERHEATING. A FEW SLIDING AND CUTTING WEAR PARTICLES DETECTED. SOME MOLY, RED AND BLACK OXIDE PRESENT. 
",20,22,21
43641,180,"some black oxides present  ",20,22,21
43653,180,".45 uM FILTER PAPER USED. 150ml SAMPLE.
MAJOR APPEARS TO BE OIL.
METALLICS , WHITE METALS.SLIGHT POSSIBLE OVERHEATING. A FEW RED OXIDES AND MOLYDISULFIDE PRESENT. IMAGE TAKEN.",165,165,21
43657,240," ",58,59,32
43665,180,"NO UNUSUAL CONTAMINANTS DETECTED   ",22,61,165
43683,180,"METALLICS MOSTLY WHITE METAL PARTICLES. FEW BLACK OXIDES PRESENT.  ",20,22,21
43691,180,"SOME MOLY - SOME METALLICS MOSTLY WHITE METAL ",20,22,21
43691,240,"  METALLICS MOSTLY WHITE METAL. A FEW SLIDING WEAR PARTICLES. MOLYDISULFIDE PRESENT. BLACK AND RED OXIDES DETECTED. SOME COPPER ALLOY. SAND AND DIRT.  ",31,33,32
43697,180,"METALLICS AND COPPER ALLOY PRESENT.SOME EVIDENCE OF POSSIBLE SLIGHT OVERHEATING. DETECTED A FEW CUTTING AND SLIDING WEAR PARTICLES. BLACK OXIDES AND VERY FEW RED OXIDES.   ",20,22,28
43702,180,"50 ML OF SAMPLE USED.  METALLICS CONSISTING OF MOSTLY WHITE METALS - CUTTING WEAR AND SLIDING WEAR PARTICLES - SOME EVIDENCE OF POSSIBLE SLIGHT OVERHEATING. A FEW COPPER ALLOY DETECTED.   ",20,165,21
43706,180," CUTTING AND SLIDING WEAR DETECTED. COPPER ALLOY PARTICLES. A FEW MOLYDISULIDE PRESENT. SOME EVIDENCE OF POSSIBLE SLIGHT OVERHEATING. 2 IMAGES TAKEN.  ",20,21,22
43740,180,"METALLICS CONSISTING OF WHITE AND COPPER ALLOY PARTICLES - SOME CUTTING WEAR AND SLIDING WEAR PARTICLES PRESENT - SOME MOLY PRESENT   ",20,21,61
43743,180,"A FEW COPPER ALLOY PARTICLES PRESENT   ",20,22,28
43751,180,"SOME MOLY PRESENT - METALLICS MOSTLY WHITE METAL - SOME COPPER ALLOY PARTICLES PRESENT   ",20,21,22
43752,180,"METALLICS MOSTLY WHITE METAL   ",20,22,21
43760,180,"NO UNUSUAL CONTAMINANTS DETECTED   ",22,61,165
43779,180," METALLICS MOSTLY WHITE METAL.
VERY FEW BLACK OXIDES AND RED OXIDES DETECTED. 50ml OF SAMPLE USED. ",20,22,21
43797,240,"CUTTING WEAR PARTICLES WAS DETECTED. SOME RED AND BLACK OXIDES AND A FEW MOLYDISULFIDE ARE PRESENT. POSSIBLE SLIGHT OVERHEATING. IMAGES TAKEN.

 ",33,58,32
43798,240,"CUTTING WEAR,SLIDING WEAR AND SLIGHT POSSIBLE OVERHEATING WAS DETECTED. A FEW COPPER ALLOY AND MOLYDISULFIDE PRESENT.   ",36,32,33
43799,240,"1.2uM FILTER USED.  0.5126 GMS. COPPER ALLOY PARTICLES AND SLIDING WEAR PRESENT. SOME WHITE METALS DETECTED. POSSIBLE SLIGHT OVERHEATING OCCURED. WHAT APPEARS TO BE CONTAMINANT SPHERES AT RANDOM. ",37,34,38
43800,180," 50ML OF SAMPLE USED. METALLICS CONSISTING OF MOSTLY WHITE METALS - CUTTING WEAR AND SLIDING WEAR PARTICLES - SOME EVIDENCE OF POSSIBLE SLIGHT OVERHEATING. A FEW COPPER ALLOY DETECTED.  IMAGE TAKEN",20,165,21
43801,180,"SEVERAL CUTTING WEAR PARTICLES DETECTED. A FEW MOLYDISULIDE PRESENT.
IMAGE TAKEN. SOME BLACK AND RED OXIDES.  ",20,22,21
43805,240,"NON FERROUS METAL COPPER ALLOY. SOME EVIDENCE OF POSSIBLLE SLIGHT OVERHEATING. THIN CUTTING WEAR PRESENT,SCATTERED OVER PATCH. BLACK AND RED OXIDES DETECTED.
 ",37,32,39
43832,240,"SLIDING WEAR AND COPPER ALLOY PRESENT.  A FEW MOLY. EVIDENCE OF SOME POSSIBLE SLIGHT OVERHEATING. A FEW FIBERS NOTED.
SAMPLE WEIGHT 0.0245 IMAGE TAKEN  ",36,32,37
43880,180,"SOME MOLY PRESENT ",26,25,22
43907,180,"SOME MOLY PRESENT - METALLICS MOSTLY WHITE METAL   ",20,21,22
43908,180,"SOME METALLICS MOSTLY WHITE METAL ",20,22,61
43919,180,"SOME METALLICS MOSTLY WHITE METAL.
  ",20,22,21
43984,180,"NO UNUSUAL CONTAMINANTS DETECTED   ",22,61,21
43985,180,"NO UNUSUAL CONTAMINANTS DETECTED   ",22,26,24
43986,180,"NO UNUSUAL CONTAMINANTS DETECTED  ",26,22,21
43987,180,"NO UNUSUAL CONTAMINANTS DETECTED   ",22,26,23
43988,240,"METALLICS CONSIST MOSTLY OF WHITE METAL - A FEW NON FERROUS COPPER ALLOY PARTICLES PRESENT - A FEW SLIDING AND CUTTING WEAR PARTICLES PRESENT ",37,35,32
43991,180,"SOME METALLICS MOSTLY WHITE METAL. 50ml OF SAMPLE USED. IMAGE TAKEN  ",20,22,24
44004,180," SOME EVIDENCE OF POSSIBLE SLIGHT OVERHEATING. A FEW COPPER ALLOY AND FIBERS DETECTED. SOME METAIILCS PRESENT. 50 ml OF SAMPLE USED. IMAGED TAKEN.",20,165,28
44014,180,METALLICS MOSTLY WHITE METAL. A FEW CUTTING WEAR PARTICLES DETECTED. SOME EVIDENCE OF POSSIBLE SLIGHT OVERHEATING. 50ml SAMPLE USED. IMAGE TAKEN,20,22,26
44023,240,"SAMPLE WT. 0.0876
RED AND BLACK OXIDES PRESENT. WHITE METALS MOSTLY MOLY PARTICLES.  FEW LAMINARS AND SOME CUTTING WEAR. COPPER ALLOY DETECTED. A SMALL AMOUNT OF SHERES. IMAGE TAKEN.   ",37,33,39
44028,180,"NO UNUSUAL CONTAMINANTS DETECTED    ",22,61,21
44029,180,"NO UNUSUAL CONTAMINANTS DETECTED   ",61,22,21
44030,180,"NO UNUSUAL CONTAMINANTS DETECTED   ",61,22,21
44031,180,"NO UNUSUAL CONTAMINANTS DETECTED   ",61,22,23
44063,180," SLIDING WEAR AND COPPER ALLOY DETECTED. SOME POSSIBLE SLIGHT OVERHEATING. MOLY ALSO PRESENT. IMAGE TAKEN  ",20,22,21
44065,180,"SAND AND DIRT, A FEW COPPER ALLOY PARTICLES. SLIDING AND CUTTING DETECTED. SPHERES ARE ALSO PRESENT. SOME POSSIBLE SLIGHT OVERHEATING.
IMAGE TAKEN    ",25,22,21
44066,180,"WHITE METALS MOSTLY METALLICS , SOME MOLY PRESENT. CUTTING AND SLIDING WEAR DETECTED. A FEW COPPER ALLOY PARTICLES. A FEW SPHERES NOTED.SOME EVIDENCE OF POSSIBLE SLIGHT OVERHEATING. IMAGE TAKEN   ",22,25,21
44067,180,"VERY FEW MOLYDISULFIDE PRESENT.  ",25,22,21
44068,180,SOME MOLY DETECTED. A FEW CUTTING WEAR PARTICLES PRESENT. SOME SLIGHT POSSIBLE OVERHEATING.,26,22,25
44069,180,"WHITE METALS MOSTLY MOLY AND SOME LAMINAR. COPPER ALLOY PRESENT. A FEW CUTTING AND SLIDING WEAR DETECTED. SOME EVIDENCE OF POSSIBLE SLIGHT OVERHEATING. FIBERS ALSO DETECTED. IMAGE TAKEN  ",26,25,28
44070,180," A FEW SLIDING AND CUTTING WEAR DETECTED. SOME POSSIBLE SLIGHT OVERHEATING. MOLY PRESENT.
IMAGE TAKEN ",25,26,22
44080,180,"A FEW CUTTING WEAR AND SPHERES DETECTED.  ",28,25,22
44081,180,"SOME RED OXIDES - SOME MOLY DETECTED - SOME METALLICS MOSTLY WHITE METAL - A FEW COPPER ALLOY PARTICLES PRESENT  ",24,22,26
44082,180,"A FEW OPAQUE SPHERES RANGING FROM 10 TO 30 uM IN SIZE - A FEW METALLICS MOSTLY WHITE METAL ",25,22,28
44083,180," SOME MOLY AND METALLICS PRESENT - METALLICS MOSTLY WHITE METAL - ",24,22,23
44084,180,"SOME MOLY PRESENT - SOME METALLICS COMSISTING OF MOSTLY WHITE METAL - A FEW BLACK SPHERES RANGING FROM 5 TO 50 uM IN SIZE.  ",25,26,22
44085,180,"SOME MOLY PRESENT - SOME METALLICS CONSISTING OF MOSTLY WHITE METAL - A FEW BLACK SPHERES RANGING FROM 5 TO 40 uM IN SIZE.  ",22,25,26
44092,180,"WHITE METALS MOSTLY METALLICS WITH SOME MOLY PRESENT.CUTTING AND SLIDING WEAR PARTICLES.  A VERY FEW COPPER ALLOY DETECTED. BLACK OXIDES NOTED. IMAGE TAKEN  ",20,21,22
44093,180," WHITE METALS MOSTLY METALLICS A FEW MOLY. CUTTING AND SLIDDING WEAR PARTICLES PRESENT. POSSIBLE SLIGHT OVERHEATING. SMALL AMOUNT OF FIBERS. ",20,27,24
44161,180,"HUGE MASSES OF BLACK AND RED OXIDES WITH METALLICS ENBEDDED. SOME SLIDDING WEAR. USED 50ML OF SAMPLE.  2 IMAGES TAKEN ",25,22,21
44202,180,"SOME METALLICS MOSTLY WHITE METAL.  ",20,22,21
44208,180,"SAMPLE SIZE USED WAS 50 ML - METALLICS CONSISTING OF MOSTLY WHITE METALS -  MOSTLY LAMINARS - A FEW CUTTING WEAR AND SLIDING WEAR PARTICLES ",20,165,21
44213,240,"SAMPLE WT 0.0572  COPPER ALLOY PRESNT. SOME EVEDIENCE OF SLIGHT POSSIBLE OVERHEATING.
2 IMAGES TAKEN",59,39,34
44216,180,METALLICS MOSTLY WHITE METAL. A FEW CUTTING WEAR PARTICLES DETECTED. COPPER ALLOY PARTICLES PRESENT. IMAGE TAKEN,20,22,21
44238,240,"CUTTING AND SLIDDING WEAR PRESENT. DETECTED COPPER ALLOY PARTICLES. FIBERS AND DIRT. RED OXIDES AND MOLY DETECTED. 2 IMAGES TAKEN ",42,43,41
44239,240,"FIBERS, RED AND BLACK OXIDES DETECTED. CUTTING AND SLIDDING WEAR. SOME COPPER ALLOY PRESENT. 
IMAGE TAKEN",42,43,41
44247,240,"FIBERS AND DIRT. RED OXIDES AND MOLY DETECTED - SOME SLIDING WEAR PARTICLES - SOME COPPER ALLOY PARTICLES PRESENT - SOME EVIDENCE OF POSSIBLE SLIGHT OVERHEATING - 2 IMAGES TAKEN  ",42,43,41
44248,240,"FIBERS, RED AND BLACK OXIDES DETECTED - SOME SLIDING WEAR PARTICLES - SOME COPPER ALLOY PARTICLES PRESENT - IMAGE TAKEN ",42,43,41
44253,240,"FIBERS AND DIRT.RED/BLACK OXIDES AND MOLY DETECTED.SOME SLIDING AND CUTTING WEAR PARTICLES - SOME COPPER ALLOY PARTICLES PRESENT.
2 IMAGES TAKEN",42,43,41
44254,240,"RED OXIDES DETECTED - SLIDING AND CUTTING WEAR PARTICLES - SOME COPPER ALLOY PARTICLES PRESENT - 2 IMAGES TAKEN  ",42,43,41
44257,240,"FIBERS AND DIRT - RED OXIDES AND MOLY DETECTED -SOME SLIDING WEAR PARTICLES - IMAGE TAKEN  ",42,41,43
44258,240,"SOME SLIDING WEAR PARTICLES - A FEW COPPER ALLOY PARTICLES - FIBERS AND BLACK OXIDES - HIGH DEGREE OF MOLY AND RED OXIDES NOTED - IMAGES TAKEN ",42,43,41
44259,240,"A FEW SLIDING WEAR PARTICLES - A FEW CUTTING WEAR PARTICLES - SOME MOLY - IMAGE TAKEN ",162,33,36
44260,240,"A FEW SLIDING WEAR PARTICLES - SOME RED AND BLACE OXIDES - SOME MOLY AND FIBERS - A FEW COPPER ALLOY PARTICLES PRESENT - IMAGE TAKEN ",162,42,43
44261,180,"   50 ML SAMPLE WEIGHT 
SOME MOLY AND DIRT PRESENT.",27,25,22
44262,180," 50 ML SAMPLE WEIGHT - SOME MOLY PRESENT - A FEW BLACK SPHERES PRESENT - SLIGHT AMOUNT OF RED OXIDES PRESENT ",26,24,22
44263,180,"50 ML SAMPLE WEIGHT - SOME MOLY PRESENT - A FEW BLACK SPHERES - A FEW RED OXIDES ",24,22,26
44264,180,"50 ML SAMPLE WEIGHT - SOME FIBERS AND MOLY PRESENT - A FEW BLACK SPHERES PRESENT - A FEW RED OXIDES PRESENT ",26,24,21
44265,180,"55 ML SAMPLE WEIGH - A FEW RED OXIDES PRESENT ",165,22,24
44267,180,"50 ML SAMPLE WEIGHT - METALLICS BOTH WHITE METAL AND COPPER ALLOY - METALLICS CONSISTING OF LAMINARS AND CUTTING WEAR PARTICLES - SOME EVIDENCE OF POSSIBLE SLIGHT OVERHEATING ",25,27,21
44270,240,"A FEW COPPER ALLOY PARTICLES DETECTED. SOME RED AND BLACK OXIDES. FIBERS- SLIGHTLY POSSIBLE OVERHEATING. A FEW SPHERES DETECTED AND WHAT APPEARS TO BE NONMETALLIC CRYSTALLINE PRESENT.
4 IMAGES TAKEN",32,43,42
44272,240," A FEW SLIDING AND CUTTING WEAR PARTICLES. SOME MOLY AND RED OXIDES. SHINEY METALS APPEAR TO BE FINE LAMINAR PARTICLES. COPPER ALLOY DETECTED. IMAGE TAKEN  ",162,33,35
44273,240,"A FEW SLIDING  AND CUTTING WEAR PARTICLES PRESENT. SOME RED OXIDES AND FIBERS. COPPER ALLOY PARTICLES PRESENT. SHINEY METALS APPEAR TO BE FINE LAMINAR PARTICLES. IMAGE TAKEN  ",162,32,35
44292,240,SLIDING AND CUTTING WEAR PARTICLES DETECTED. RED AND BLACK OXIDES. COPPER ALLOY PRESENT. FIBERS AND DIRT. 2 IMAGES TAKEN,162,42,35
44293,240,"SLIDING AND CUTTING WEAR PARTICLES PRESENT. SOME RED AND BLACK OXIDES. COPPER ALLOY PARTICLES DETECTED. SOME SLIGHT POSSIBLE OVERHEATING.
2 IMAGES TAKEN",162,33,32
44327,180,"NO UNUSUAL CONTAMINANTS DETECTED   ",23,22,61
44328,180," NO UNUSUAL CONTAMINANTS DETECTED   ",24,22,26
44350,240,"COPIOUS AMOUNTS OF MOLY AND BLACK AND RED OXIDES PRESENT AS WELL AS FIBERS AND CLEAR SPHERES - MODERAT AMOUNT OF SAND AND DIRT PRESENT - A FEW COPPER ALLOY PARTICLES - SOME EVIDENCE OF POSSIBLE SLIGHT OVERHEATING ",42,44,43
44351,240,"COPIOUS AMOUNTS OF MOLY PRESENT - MODERATE AMOUNT OF BLACK AND RED OXIDES PRESENT AS WELL AS FIBERS AND CLEAR SPHERES - SOME CUTTING AND SLIDING WEAR PARTICLES - A FEW COPPER ALLOY PARTICLES  ",162,42,41
44352,240,"MOLY PRESENT - BLACK AND RED OXIDES PRESENT AS WELL AS FIBERS AND CLEAR SPHERES - SOME SLIDING WEAR PARTICLES - MODERATE AMOUNT OF FINE CUTTING WEAR PARTICLES - A FEW COPPER ALLOY PARTICLES ",162,41,42
44356,180,"BLACK AND RED OXIDES PRESENT. SOME METALLICS - WHITE METAL ",20,21,22
44374,180," A FEW RED AND BLACK OXIDES DETECTED. ",20,165,22
44375,180,WHITE METALS MOSTLY METALLICS AND SOME MOLY PRESENT. SOME EVIDENCE OF SLIGHT POSSIBLE OVERHEATING. IMAGE TAKEN,26,25,21
44380,180,"METALLICS MOSTLY WHITE METAL, SOME MOLY PRESENT.SOME COPPER ALLOY PARTICLES. EVIDENCE OF SLIGHT POSSIBLE OVERHEATING. RED AND BLACK OXIDES. CUTTING AND SLIDING DETECTED. IMAGE TAKEN ",20,22,21
44381,240,"A FEW COPPER ALLOY PARTICLES DETECTED. SLIDING AND CUTTING WEAR.  IMAGE TAKEN ",162,37,36
44382,240,RED AND BLACK OXIDES DETECTED. FIBERS  AND A FEW COPPER ALLOYS.  SOME OF POSSIBLE SLIGHT OVERHEATING. IMAGE TAKEN,41,43,44
44384,240,"LAMINAR WEAR INCLUDING SLIDING AND CUTTING PARTICLES. COPPER ALLOY DETECTED. SLIGHT POSSIBLE OVERHEATING.  2 IMAGES TAKEN ",32,33,36
44385,240,LAMINAR PARTICLES PRESENT - CUTTING AND SLIDING WEAR. A FEW RED AND BLACK OXIDES DETECTED. FIBERS AND A FEW COPPER ALLOYS. 4 IMAGES TAKEN,32,43,44
44386,240," LAMINAR WEAR INCLUDING SLIDING AND CUTTING PARTICLES. A FEW COPPER ALLOY PARTICLES DETECTED. 2 IMAGE TAKEN",162,33,36
44387,240," LAMINAR WEAR INCLUDING SLIDING AND CUTTING PARTICLES.  FEW COPPER ALLOY DETECTED. RED AND BLACK OXIDES PRESENT. SLIGHT POSSIBLE OVERHEATING. 2 IMAGES TAKEN ",162,43,33
44388,240," CUTTING AND SLIDING WEAR PRESENT. COPPER ALLOY PARTICLES. FINE WEAR DEBRIS AND FIBERS.RED AND BLACK OXIDES. 3 IMAGE TAKEN",41,42,37
44389,240,SLIDING AND CUTTING WEAR PARTICLES DETECTED.RED OXIDES AND MOLY PRESENT. COPPER ALLOY PARTICLES. FIBERS AND DIRT. SOME EVIDENCE OF POSSIBLE SLIGHT OVERHEATING 2 IMAGES TAKEN,41,162,42
44390,240,"LAMINAR WEAR APPEAR TO BE CUTTING AND SLIDING WEAR PARTICLES. COPPER ALLOY PARTICLES PRESENT.BLACK OXIDES, DIRT AND A FEW MOLY DETECTED. EVIDENCE OF POSSIBLE SLIGHT OVERHEATING. 3 IMAGES TAKEN  ",32,34,33
