tagNumber,component,location,lubeClassItemNumber,lubeQuantityRequired,lubeUnitsOfMeasure,testCategory,qualityClass,pricingPackageId,testPricesId,lastSampleDate,changeTaskNumber,changeIntervalType,changeIntervalNumber,lastChangeDate,inProgram,testsScheduled,applid,material_info
00,000,000,NULL,NULL,NULL,NULL,Q,NULL,NULL,NULL,NULL,NULL,NULL,NULL,0,1,NULL,NULL
0678788,000,000,NULL,NULL,NULL,NULL,Q,NULL,NULL,NULL,NULL,NULL,NULL,NULL,0,1,NULL,NULL
0678789,000,000,NULL,NULL,NULL,NULL,Q,NULL,NULL,NULL,NULL,NULL,NULL,NULL,0,1,NULL,NULL
0679230,000,000,NULL,NULL,NULL,NULL,Q,NULL,NULL,NULL,NULL,NULL,NULL,NULL,0,1,NULL,NULL
0872341,000,000,NULL,NULL,NULL,NULL,Q,NULL,NULL,NULL,NULL,NULL,NULL,NULL,0,1,NULL,NULL
12345,000,000,NULL,NULL,NULL,NULL,Q,NULL,NULL,NULL,NULL,NULL,NULL,NULL,0,1,NULL,NULL
1265322,000,000,NULL,NULL,NULL,NULL,Q,NULL,NULL,NULL,NULL,NULL,NULL,NULL,0,1,NULL,NULL
1295666,000,000,NULL,NULL,NULL,NULL,Q,NULL,NULL,NULL,NULL,NULL,NULL,NULL,0,1,NULL,NULL
1AZTNDT106,031,009,NULL,NULL,NULL,NULL,NQR,37,1,NULL,NULL,NULL,NULL,NULL,0,1,NULL,NULL
1EPEAG01,010,002,4390000072,4,GAL,B,Q,37,1,NULL,028099,NULL,NULL,NULL,1,1,20973,NULL
1EPEBG02,010,002,4390000072,4,GAL,B,Q,37,1,NULL,028105,NULL,NULL,NULL,1,1,25933,NULL
1EQFNJYFG10B,138,009,NULL,NULL,NULL,NULL,NQR,37,1,NULL,NULL,NULL,NULL,NULL,1,1,492622,NULL
1JAFAHV0032,002,066,NULL,NULL,NULL,NULL,Q,37,1,NULL,NULL,NULL,NULL,NULL,1,1,6144,NULL
1JAFAHV0032,097,040,NULL,NULL,NULL,NULL,Q,37,1,NULL,NULL,NULL,NULL,NULL,1,1,6144,NULL
1JAFAHV0032,098,067,43900094,NULL,NULL,NULL,Q,37,1,NULL,NULL,NULL,NULL,NULL,0,1,6144,NULL
1JAFAHV0032,098,092,43900122,NULL,NULL,NULL,Q,37,1,NULL,NULL,NULL,NULL,NULL,0,1,6144,NULL
1JAFAHV0032,099,040,NULL,NULL,NULL,NULL,Q,37,1,NULL,NULL,NULL,NULL,NULL,1,1,6144,NULL
1JAFAHV0032,125,033,43900687,NULL,NULL,NULL,Q,37,1,NULL,NULL,NULL,NULL,NULL,0,1,6144,NULL
1JAFAHV0054,002,066,4390000122,NULL,NULL,NULL,Q,37,1,NULL,NULL,NULL,NULL,NULL,1,1,12974,NULL
1JAFAHV0054,024,016,43900122,NULL,NULL,NULL,Q,37,1,NULL,NULL,NULL,NULL,NULL,0,1,NULL,NULL
1JAFAHV0054,097,040,4390000122,NULL,NULL,NULL,Q,37,1,NULL,NULL,NULL,NULL,NULL,1,1,12974,NULL
1JAFAHV0054,098,067,43900094,NULL,NULL,NULL,Q,37,1,NULL,NULL,NULL,NULL,NULL,0,1,12974,NULL
1JAFAHV0054,098,092,43900122,NULL,NULL,NULL,Q,37,1,NULL,NULL,NULL,NULL,NULL,0,1,12974,NULL
1JAFAHV0054,099,040,4390000094,NULL,NULL,NULL,Q,37,1,NULL,NULL,NULL,NULL,NULL,1,1,12974,NULL
1JAFAHV0054,125,033,43900687,NULL,NULL,NULL,Q,37,1,NULL,NULL,NULL,NULL,NULL,0,1,12974,NULL
1JAFAUV0037,002,066,4390000122,NULL,NULL,NULL,Q,37,1,NULL,NULL,NULL,NULL,NULL,1,1,12975,NULL
1JAFAUV0037,097,040,4390000122,NULL,NULL,NULL,Q,37,1,NULL,NULL,NULL,NULL,NULL,1,1,12975,NULL
1JAFAUV0037,098,067,43900094,NULL,NULL,NULL,Q,37,1,NULL,NULL,NULL,NULL,NULL,0,1,12975,NULL
1JAFAUV0037,098,092,43900122,NULL,NULL,NULL,Q,37,1,NULL,NULL,NULL,NULL,NULL,0,1,12975,NULL
1JAFAUV0037,099,040,4390000094,NULL,NULL,NULL,Q,37,1,NULL,NULL,NULL,NULL,NULL,1,1,12975,NULL
1JAFAUV0037,125,033,43900687,NULL,NULL,NULL,Q,37,1,NULL,NULL,NULL,NULL,NULL,0,1,12975,NULL
1JAFBHV0030,002,066,43900122,NULL,NULL,NULL,Q,37,1,NULL,NULL,NULL,NULL,NULL,0,1,6142,NULL
1JAFBHV0030,097,040,43900122,NULL,NULL,NULL,Q,37,1,NULL,NULL,NULL,NULL,NULL,0,1,6142,NULL
1JAFBHV0030,098,067,43900094,NULL,NULL,NULL,Q,37,1,NULL,NULL,NULL,NULL,NULL,0,1,6142,NULL
1JAFBHV0030,098,092,43900122,NULL,NULL,NULL,Q,37,1,NULL,NULL,NULL,NULL,NULL,0,1,6142,NULL
1JAFBHV0030,099,040,43900094,NULL,NULL,NULL,Q,37,1,NULL,NULL,NULL,NULL,NULL,0,1,6142,NULL
1JAFBHV0030,125,033,43900687,NULL,NULL,NULL,Q,37,1,NULL,NULL,NULL,NULL,NULL,0,1,6142,NULL
1JAFBHV0031,002,066,43900122,NULL,NULL,NULL,Q,37,1,NULL,NULL,NULL,NULL,NULL,0,1,6143,NULL
1JAFBHV0031,097,040,43900122,NULL,NULL,NULL,Q,37,1,NULL,NULL,NULL,NULL,NULL,0,1,6143,NULL
1JAFBHV0031,098,067,43900094,NULL,NULL,NULL,Q,37,1,NULL,NULL,NULL,NULL,NULL,0,1,6143,NULL
1JAFBHV0031,098,092,43900122,NULL,NULL,NULL,Q,37,1,NULL,NULL,NULL,NULL,NULL,0,1,6143,NULL
1JAFBHV0031,099,040,43900094,NULL,NULL,NULL,Q,37,1,NULL,NULL,NULL,NULL,NULL,0,1,6143,NULL
1JAFBHV0031,125,033,43900687,NULL,NULL,NULL,Q,37,1,NULL,NULL,NULL,NULL,NULL,0,1,6143,NULL
1JAFBUV0034,002,066,43900122,NULL,NULL,NULL,Q,37,1,NULL,NULL,NULL,NULL,NULL,0,1,12976,NULL
1JAFBUV0034,097,040,43900122,NULL,NULL,NULL,Q,37,1,NULL,NULL,NULL,NULL,NULL,0,1,12976,NULL
1JAFBUV0034,098,067,43900094,NULL,NULL,NULL,Q,37,1,NULL,NULL,NULL,NULL,NULL,0,1,12976,NULL
1JAFBUV0034,098,092,43900122,NULL,NULL,NULL,Q,37,1,NULL,NULL,NULL,NULL,NULL,0,1,12976,NULL
1JAFBUV0034,099,040,43900094,NULL,NULL,NULL,Q,37,1,NULL,NULL,NULL,NULL,NULL,0,1,12976,NULL
1JAFBUV0034,125,033,43900687,NULL,NULL,NULL,Q,37,1,NULL,NULL,NULL,NULL,NULL,0,1,12976,NULL
1JAFBUV0035,002,066,43900122,NULL,NULL,NULL,Q,37,1,NULL,NULL,NULL,NULL,NULL,0,1,12977,NULL
1JAFBUV0035,097,040,43900122,NULL,NULL,NULL,Q,37,1,NULL,NULL,NULL,NULL,NULL,0,1,12977,NULL
1JAFBUV0035,098,067,43900094,NULL,NULL,NULL,Q,37,1,NULL,NULL,NULL,NULL,NULL,0,1,12977,NULL
1JAFBUV0035,098,092,43900122,NULL,NULL,NULL,Q,37,1,NULL,NULL,NULL,NULL,NULL,0,1,12977,NULL
1JAFBUV0035,099,040,43900094,NULL,NULL,NULL,Q,37,1,NULL,NULL,NULL,NULL,NULL,0,1,12977,NULL
1JAFBUV0035,125,033,43900687,NULL,NULL,NULL,Q,37,1,NULL,NULL,NULL,NULL,NULL,0,1,12977,NULL
1JAFCHV0033,002,066,NULL,NULL,NULL,NULL,Q,37,1,NULL,NULL,NULL,NULL,NULL,1,1,6145,NULL
1JAFCHV0033,097,040,NULL,NULL,NULL,NULL,Q,37,1,NULL,NULL,NULL,NULL,NULL,1,1,6145,NULL
1JAFCHV0033,098,067,43900094,NULL,NULL,NULL,Q,37,1,NULL,NULL,NULL,NULL,NULL,0,1,6145,NULL
1JAFCHV0033,098,092,43900122,NULL,NULL,NULL,Q,37,1,NULL,NULL,NULL,NULL,NULL,0,1,6145,NULL
1JAFCHV0033,099,040,NULL,NULL,NULL,NULL,Q,37,1,NULL,NULL,NULL,NULL,NULL,1,1,6145,NULL
1JAFCHV0033,125,033,43900687,NULL,NULL,NULL,Q,37,1,NULL,NULL,NULL,NULL,NULL,0,1,6145,NULL
1JAFCUV0036,002,066,NULL,NULL,NULL,NULL,Q,37,1,NULL,NULL,NULL,NULL,NULL,1,1,12978,NULL
1JAFCUV0036,097,040,NULL,NULL,NULL,NULL,Q,37,1,NULL,NULL,NULL,NULL,NULL,1,1,12978,NULL
1JAFCUV0036,098,067,43900094,NULL,NULL,NULL,Q,37,1,NULL,NULL,NULL,NULL,NULL,0,1,12978,NULL
1JAFCUV0036,098,092,43900122,NULL,NULL,NULL,Q,37,1,NULL,NULL,NULL,NULL,NULL,0,1,12978,NULL
1JAFCUV0036,099,040,NULL,NULL,NULL,NULL,Q,37,1,NULL,NULL,NULL,NULL,NULL,1,1,12978,NULL
1JAFCUV0036,125,033,43900687,NULL,NULL,NULL,Q,37,1,NULL,NULL,NULL,NULL,NULL,0,1,12978,NULL
1JAFNHV0095,097,040,4390000150,NULL,NULL,NULL,QAG,37,1,NULL,NULL,NULL,NULL,NULL,1,1,19214,NULL
1JCDNHV0001,097,040,43900086,NULL,NULL,NULL,NQR,37,1,NULL,NULL,NULL,NULL,NULL,0,1,19147,NULL
1JCDNHV0001,099,040,43900477,NULL,NULL,NULL,NQR,37,1,NULL,NULL,NULL,NULL,NULL,0,1,19147,NULL
1JCDNHV0001,101,069,43900808,NULL,NULL,NULL,NQR,37,1,NULL,NULL,NULL,NULL,NULL,0,1,19147,NULL
1JCDNHV0001,125,033,43900687,NULL,NULL,NULL,NQR,37,1,NULL,NULL,NULL,NULL,NULL,0,1,19147,NULL
1JCDNHV0002,097,040,43900086,NULL,NULL,NULL,NQR,37,1,NULL,NULL,NULL,NULL,NULL,0,1,70826,NULL
1JCDNHV0002,099,040,43900477,NULL,NULL,NULL,NQR,37,1,NULL,NULL,NULL,NULL,NULL,0,1,70826,NULL
1JCDNHV0002,101,069,43900808,NULL,NULL,NULL,NQR,37,1,NULL,NULL,NULL,NULL,NULL,0,1,70826,NULL
1JCDNHV0002,125,033,43900687,NULL,NULL,NULL,NQR,37,1,NULL,NULL,NULL,NULL,NULL,0,1,70826,NULL
1JCDNHV0029,097,040,NULL,NULL,NULL,NULL,NQR,37,1,NULL,NULL,NULL,NULL,NULL,0,1,32467,NULL
1JCDNHV0030,097,040,NULL,NULL,NULL,NULL,NQR,37,1,NULL,NULL,NULL,NULL,NULL,0,1,70830,NULL
1JCDNHV0031,097,040,NULL,NULL,NULL,NULL,NQR,37,1,NULL,NULL,NULL,NULL,NULL,0,1,19415,NULL
1JCDNHV0032,097,040,NULL,NULL,NULL,NULL,NQR,37,1,NULL,NULL,NULL,NULL,NULL,0,1,19167,NULL
1JCDNHV0033,097,040,NULL,NULL,NULL,NULL,NQR,37,1,NULL,NULL,NULL,NULL,NULL,0,1,19171,NULL
1JCDNHV0191,097,040,NULL,NULL,NULL,NULL,NQR,37,1,NULL,NULL,NULL,NULL,NULL,0,1,19163,NULL
1JCDNHV0199,097,040,NULL,NULL,NULL,NULL,NQR,37,1,NULL,NULL,NULL,NULL,NULL,0,1,21278,NULL
1JCDNHV0275,097,040,NULL,NULL,NULL,NULL,NQR,37,1,NULL,NULL,NULL,NULL,NULL,0,1,70832,NULL
1JCDNLV0081,005,025,NULL,NULL,NULL,NULL,NQR,37,1,NULL,NULL,NULL,NULL,NULL,1,0,NULL,NULL
1JCDNLV0081,005,055,NULL,NULL,NULL,NULL,NQR,37,1,NULL,NULL,NULL,NULL,NULL,1,0,NULL,NULL
1JCDNUV0214A,097,040,NULL,NULL,NULL,NULL,NQR,37,1,NULL,NULL,NULL,NULL,NULL,0,1,19150,NULL
1JCDNUV0214B,097,040,NULL,NULL,NULL,NULL,NQR,37,1,NULL,NULL,NULL,NULL,NULL,0,1,19160,NULL
1JCDNUV0215A,097,040,NULL,NULL,NULL,NULL,NQR,37,1,NULL,NULL,NULL,NULL,NULL,0,1,19153,NULL
1JCDNUV0215B,097,040,NULL,NULL,NULL,NULL,NQR,37,1,NULL,NULL,NULL,NULL,NULL,0,1,48506,NULL
1JCDNUV0215B2,097,040,NULL,NULL,NULL,NULL,NQR,37,1,NULL,NULL,NULL,NULL,NULL,0,0,NULL,NULL
1JCDNUV0216A,097,040,NULL,NULL,NULL,NULL,NQR,37,1,NULL,NULL,NULL,NULL,NULL,0,1,19157,NULL
1JCDNUV0216B,097,040,NULL,NULL,NULL,NULL,NQR,37,1,NULL,NULL,NULL,NULL,NULL,0,1,70836,NULL
1JCHAHV0524,002,066,4390000122,NULL,NULL,NULL,Q,37,1,NULL,NULL,NULL,NULL,NULL,1,1,6146,NULL
1JCHAHV0524,024,016,43900122,NULL,NULL,NULL,Q,37,1,NULL,NULL,NULL,NULL,NULL,0,1,6146,NULL
1JCHAHV0524,097,040,4390000122,NULL,NULL,NULL,Q,37,1,NULL,NULL,NULL,NULL,NULL,1,1,6146,NULL
1JCHAHV0524,098,067,43900094,NULL,NULL,NULL,Q,37,1,NULL,NULL,NULL,NULL,NULL,0,1,6146,NULL
1JCHAHV0524,098,092,43900122,NULL,NULL,NULL,Q,37,1,NULL,NULL,NULL,NULL,NULL,0,1,6146,NULL
1JCHAHV0524,099,040,4390000094,NULL,NULL,NULL,Q,37,1,NULL,NULL,NULL,NULL,NULL,1,1,6146,NULL
1JCHAHV0524,125,033,43900687,NULL,NULL,NULL,Q,37,1,NULL,NULL,NULL,NULL,NULL,0,1,6146,NULL
1JCHAHV0531,002,066,4390000122,NULL,NULL,NULL,Q,37,1,NULL,NULL,NULL,NULL,NULL,1,1,12979,NULL
1JCHAHV0531,097,040,4390000122,NULL,NULL,NULL,Q,37,1,NULL,NULL,NULL,NULL,NULL,1,1,12979,NULL
1JCHAHV0531,098,067,43900094,NULL,NULL,NULL,Q,37,1,NULL,NULL,NULL,NULL,NULL,0,1,12979,NULL
1JCHAHV0531,098,092,43900122,NULL,NULL,NULL,Q,37,1,NULL,NULL,NULL,NULL,NULL,0,1,12979,NULL
1JCHAHV0531,099,040,4390000094,NULL,NULL,NULL,Q,37,1,NULL,NULL,NULL,NULL,NULL,1,1,12979,NULL
1JCHAHV0531,125,033,43900687,NULL,NULL,NULL,Q,37,1,NULL,NULL,NULL,NULL,NULL,0,1,12979,NULL
1JCHBHV0255,002,066,4390000122,NULL,NULL,NULL,Q,37,1,NULL,NULL,NULL,NULL,NULL,1,1,12980,NULL
1JCHBHV0255,024,016,43900122,NULL,NULL,NULL,Q,37,1,NULL,NULL,NULL,NULL,NULL,0,1,12980,NULL
1JCHBHV0255,097,040,4390000122,NULL,NULL,NULL,Q,37,1,NULL,NULL,NULL,NULL,NULL,1,1,12980,NULL
1JCHBHV0255,098,067,43900094,NULL,NULL,NULL,Q,37,1,NULL,NULL,NULL,NULL,NULL,0,1,12980,NULL
1JCHBHV0255,098,092,43900122,NULL,NULL,NULL,Q,37,1,NULL,NULL,NULL,NULL,NULL,0,1,12980,NULL
1JCHBHV0255,099,040,4390000094,NULL,NULL,NULL,Q,37,1,NULL,NULL,NULL,NULL,NULL,1,1,12980,NULL
1JCHBHV0255,125,033,43900687,NULL,NULL,NULL,Q,37,1,NULL,NULL,NULL,NULL,NULL,0,1,12980,NULL
1JCHBHV0530,002,066,4390000122,NULL,NULL,NULL,Q,37,1,NULL,NULL,NULL,NULL,NULL,1,1,12981,NULL
1JCHBHV0530,097,040,4390000122,NULL,NULL,NULL,Q,37,1,NULL,NULL,NULL,NULL,NULL,1,1,12981,NULL
1JCHBHV0530,098,067,43900094,NULL,NULL,NULL,Q,37,1,NULL,NULL,NULL,NULL,NULL,0,1,12981,NULL
1JCHBHV0530,098,092,43900122,NULL,NULL,NULL,Q,37,1,NULL,NULL,NULL,NULL,NULL,0,1,12981,NULL
1JCHBHV0530,099,040,4390000094,NULL,NULL,NULL,Q,37,1,NULL,NULL,NULL,NULL,NULL,1,1,12981,NULL
1JCHBHV0530,125,033,43900687,NULL,NULL,NULL,Q,37,1,NULL,NULL,NULL,NULL,NULL,0,1,12981,NULL
1JCHEHV0536,002,066,4390000122,NULL,NULL,NULL,QAG,37,1,NULL,NULL,NULL,NULL,NULL,1,1,22707,NULL
1JCHEHV0536,097,040,4390000122,NULL,NULL,NULL,QAG,37,1,NULL,NULL,NULL,NULL,NULL,1,1,22707,NULL
1JCHEHV0536,098,067,43900094,NULL,NULL,NULL,QAG,37,1,NULL,NULL,NULL,NULL,NULL,0,1,22707,NULL
1JCHEHV0536,098,092,43900122,NULL,NULL,NULL,QAG,37,1,NULL,NULL,NULL,NULL,NULL,0,1,22707,NULL
1JCHEHV0536,099,040,4390000094,NULL,NULL,NULL,QAG,37,1,NULL,NULL,NULL,NULL,NULL,1,1,22707,NULL
1JCHEHV0536,125,033,43900687,NULL,NULL,NULL,QAG,37,1,NULL,NULL,NULL,NULL,NULL,0,1,22707,NULL
1JCHNUV0501,002,066,4390000122,NULL,NULL,NULL,QAG,37,1,NULL,NULL,NULL,NULL,NULL,1,1,24344,NULL
1JCHNUV0501,097,040,4390000122,NULL,NULL,NULL,QAG,37,1,NULL,NULL,NULL,NULL,NULL,1,1,24344,NULL
1JCHNUV0501,098,067,4390000094,NULL,NULL,NULL,QAG,37,1,NULL,NULL,NULL,NULL,NULL,1,1,24344,NULL
1JCHNUV0501,098,092,43900122,NULL,NULL,NULL,QAG,37,1,NULL,NULL,NULL,NULL,NULL,0,1,24344,NULL
1JCHNUV0501,099,040,43900094,NULL,NULL,NULL,QAG,37,1,NULL,NULL,NULL,NULL,NULL,0,1,24344,NULL
1JCHNUV0501,125,033,43900687,NULL,NULL,NULL,QAG,37,1,NULL,NULL,NULL,NULL,NULL,0,1,24344,NULL
1JCHNUV0514,002,066,4390000122,NULL,NULL,NULL,QAG,37,1,NULL,NULL,NULL,NULL,NULL,1,1,22731,NULL
1JCHNUV0514,097,040,4390000122,NULL,NULL,NULL,QAG,37,1,NULL,NULL,NULL,NULL,NULL,1,1,22731,NULL
1JCHNUV0514,098,067,4390000094,NULL,NULL,NULL,QAG,37,1,NULL,NULL,NULL,NULL,NULL,1,0,22731,NULL
1JCHNUV0514,098,092,43900122,NULL,NULL,NULL,QAG,37,1,NULL,NULL,NULL,NULL,NULL,0,1,22731,NULL
1JCHNUV0514,099,040,43900094,NULL,NULL,NULL,QAG,37,1,NULL,NULL,NULL,NULL,NULL,0,1,22731,NULL
1JCHNUV0514,125,033,43900687,NULL,NULL,NULL,QAG,37,1,NULL,NULL,NULL,NULL,NULL,0,1,22731,NULL
1JCPAUV0002,098,067,43900094,NULL,NULL,NULL,Q,37,1,NULL,NULL,NULL,NULL,NULL,0,1,NULL,NULL
1JCPAUV0002,098,092,43900122,NULL,NULL,NULL,Q,37,1,NULL,NULL,NULL,NULL,NULL,0,1,NULL,NULL
1JCPAUV0002,099,040,43900094,NULL,NULL,NULL,Q,37,1,NULL,NULL,NULL,NULL,NULL,0,1,NULL,NULL
1JCPAUV0002,125,033,43900687,NULL,NULL,NULL,Q,37,1,NULL,NULL,NULL,NULL,NULL,0,1,NULL,NULL
1JCPAUV0002A,002,066,4390000122,NULL,NULL,NULL,Q,37,1,NULL,NULL,NULL,NULL,NULL,1,1,4346,NULL
1JCPAUV0002A,097,040,4390000122,NULL,NULL,NULL,Q,37,1,NULL,NULL,NULL,NULL,NULL,1,1,4346,NULL
1JCPAUV0002A,098,067,4390000094,NULL,NULL,NULL,Q,37,1,NULL,NULL,NULL,NULL,NULL,1,1,4346,NULL
1JCPAUV0002A,098,092,NULL,NULL,NULL,NULL,Q,37,1,NULL,NULL,NULL,NULL,NULL,0,1,4346,NULL
1JCPAUV0002A,099,040,NULL,NULL,NULL,NULL,Q,37,1,NULL,NULL,NULL,NULL,NULL,0,1,4346,NULL
1JCPAUV0002A,103,069,NULL,NULL,NULL,NULL,Q,37,1,NULL,NULL,NULL,NULL,NULL,0,1,NULL,NULL
1JCPAUV0002A,125,033,NULL,NULL,NULL,NULL,Q,37,1,NULL,NULL,NULL,NULL,NULL,0,1,NULL,NULL
1JCPAUV0002B,002,066,4390000122,NULL,NULL,NULL,Q,37,1,NULL,NULL,NULL,NULL,NULL,1,1,12982,NULL
1JCPAUV0002B,097,040,4390000122,NULL,NULL,NULL,Q,37,1,NULL,NULL,NULL,NULL,NULL,1,1,12982,NULL
1JCPAUV0002B,098,067,NULL,NULL,NULL,NULL,Q,37,1,NULL,NULL,NULL,NULL,NULL,0,1,12982,NULL
1JCPAUV0002B,098,092,NULL,NULL,NULL,NULL,Q,37,1,NULL,NULL,NULL,NULL,NULL,0,1,12982,NULL
1JCPAUV0002B,099,040,4390000094,NULL,NULL,NULL,Q,37,1,NULL,NULL,NULL,NULL,NULL,1,1,12982,NULL
1JCPAUV0002B,103,069,NULL,NULL,NULL,NULL,Q,37,1,NULL,NULL,NULL,NULL,NULL,1,1,NULL,NULL
1JCPAUV0002B,125,033,NULL,NULL,NULL,NULL,Q,37,1,NULL,NULL,NULL,NULL,NULL,0,0,NULL,NULL
1JCPBUV0003,098,067,43900094,NULL,NULL,NULL,Q,37,1,NULL,NULL,NULL,NULL,NULL,0,1,NULL,NULL
1JCPBUV0003,098,092,43900122,NULL,NULL,NULL,Q,37,1,NULL,NULL,NULL,NULL,NULL,0,1,NULL,NULL
1JCPBUV0003,125,033,43900687,NULL,NULL,NULL,Q,37,1,NULL,NULL,NULL,NULL,NULL,0,1,NULL,NULL
1JCPBUV0003A,002,066,4390000122,NULL,NULL,NULL,Q,37,1,NULL,NULL,NULL,NULL,NULL,1,1,12983,NULL
1JCPBUV0003A,097,040,4390000122,NULL,NULL,NULL,Q,37,1,NULL,NULL,NULL,NULL,NULL,1,1,12983,NULL
1JCPBUV0003A,098,067,NULL,NULL,NULL,NULL,Q,37,1,NULL,NULL,NULL,NULL,NULL,0,1,12983,NULL
1JCPBUV0003A,098,092,NULL,NULL,NULL,NULL,Q,37,1,NULL,NULL,NULL,NULL,NULL,0,0,12983,NULL
1JCPBUV0003A,099,040,4390000094,NULL,NULL,NULL,Q,37,1,NULL,NULL,NULL,NULL,NULL,1,1,12983,NULL
1JCPBUV0003A,125,033,NULL,NULL,NULL,NULL,Q,37,1,NULL,NULL,NULL,NULL,NULL,0,0,NULL,NULL
1JCPBUV0003B,002,066,4390000122,NULL,NULL,NULL,Q,37,1,NULL,NULL,NULL,NULL,NULL,1,1,12984,NULL
1JCPBUV0003B,097,040,4390000122,NULL,NULL,NULL,Q,37,1,NULL,NULL,NULL,NULL,NULL,1,1,12984,NULL
1JCPBUV0003B,098,067,NULL,NULL,NULL,NULL,Q,37,1,NULL,NULL,NULL,NULL,NULL,0,1,12984,NULL
1JCPBUV0003B,098,092,NULL,NULL,NULL,NULL,Q,37,1,NULL,NULL,NULL,NULL,NULL,0,0,12984,NULL
1JCPBUV0003B,099,040,4390000094,NULL,NULL,NULL,Q,37,1,NULL,NULL,NULL,NULL,NULL,1,1,12984,NULL
1JCPBUV0003B,125,033,NULL,NULL,NULL,NULL,Q,37,1,NULL,NULL,NULL,NULL,NULL,NULL,NULL,12984,NULL
1JCRNHV0273,002,066,NULL,NULL,NULL,NULL,NQR,37,1,NULL,NULL,NULL,NULL,NULL,0,0,NULL,NULL
1JCRNHV0273,097,040,NULL,NULL,NULL,NULL,NQR,37,1,NULL,NULL,NULL,NULL,NULL,0,0,NULL,NULL
1JCTAHV0001,002,066,43900122,NULL,NULL,NULL,Q,37,1,NULL,NULL,NULL,NULL,NULL,0,1,22737,NULL
1JCTAHV0001,097,040,43900122,NULL,NULL,NULL,Q,37,1,NULL,NULL,NULL,NULL,NULL,0,1,22737,NULL
1JCTAHV0001,098,067,43900094,NULL,NULL,NULL,Q,37,1,NULL,NULL,NULL,NULL,NULL,0,1,22737,NULL
1JCTAHV0001,098,092,43900122,NULL,NULL,NULL,Q,37,1,NULL,NULL,NULL,NULL,NULL,0,1,22737,NULL
1JCTAHV0001,099,040,43900094,NULL,NULL,NULL,Q,37,1,NULL,NULL,NULL,NULL,NULL,0,1,22737,NULL
1JCTAHV0001,125,033,43900687,NULL,NULL,NULL,Q,37,1,NULL,NULL,NULL,NULL,NULL,0,1,NULL,NULL
1JCTAHV0004,002,066,4390000122,NULL,NULL,NULL,Q,37,1,NULL,NULL,NULL,NULL,NULL,1,1,22924,NULL
1JCTAHV0004,097,040,4390000122,NULL,NULL,NULL,Q,37,1,NULL,NULL,NULL,NULL,NULL,1,1,22924,NULL
1JCTAHV0004,098,067,4390000094,NULL,NULL,NULL,Q,37,1,NULL,NULL,NULL,NULL,NULL,1,0,22924,NULL
1JCTAHV0004,098,092,43900122,NULL,NULL,NULL,Q,37,1,NULL,NULL,NULL,NULL,NULL,0,1,22924,NULL
1JCTAHV0004,099,040,43900094,NULL,NULL,NULL,Q,37,1,NULL,NULL,NULL,NULL,NULL,0,1,22924,NULL
1JCTAHV0004,125,033,43900687,NULL,NULL,NULL,Q,37,1,NULL,NULL,NULL,NULL,NULL,0,1,NULL,NULL
1JCWNHV0009,097,040,43900086,NULL,NULL,NULL,NQR,37,1,NULL,NULL,NULL,NULL,NULL,0,1,25018,NULL
1JCWNHV0009,099,040,43900477,NULL,NULL,NULL,NQR,37,1,NULL,NULL,NULL,NULL,NULL,0,1,25018,NULL
1JCWNHV0009,101,069,43900808,NULL,NULL,NULL,NQR,37,1,NULL,NULL,NULL,NULL,NULL,0,1,25018,NULL
1JCWNHV0009,125,033,43900687,NULL,NULL,NULL,NQR,37,1,NULL,NULL,NULL,NULL,NULL,0,1,25018,NULL
1JCWNHV0010,097,040,43900086,NULL,NULL,NULL,NQR,37,1,NULL,NULL,NULL,NULL,NULL,0,1,25017,NULL
1JCWNHV0010,099,040,43900477,NULL,NULL,NULL,NQR,37,1,NULL,NULL,NULL,NULL,NULL,0,1,25017,NULL
1JCWNHV0010,101,069,43900808,NULL,NULL,NULL,NQR,37,1,NULL,NULL,NULL,NULL,NULL,0,1,25017,NULL
1JCWNHV0010,125,033,43900687,NULL,NULL,NULL,NQR,37,1,NULL,NULL,NULL,NULL,NULL,0,1,25017,NULL
1JCWNHV0011,097,040,43900086,NULL,NULL,NULL,NQR,37,1,NULL,NULL,NULL,NULL,NULL,0,1,19143,NULL
1JCWNHV0011,099,040,43900477,NULL,NULL,NULL,NQR,37,1,NULL,NULL,NULL,NULL,NULL,0,1,19143,NULL
1JCWNHV0011,101,069,43900808,NULL,NULL,NULL,NQR,37,1,NULL,NULL,NULL,NULL,NULL,0,1,19143,NULL
1JCWNHV0011,125,033,43900687,NULL,NULL,NULL,NQR,37,1,NULL,NULL,NULL,NULL,NULL,0,1,NULL,NULL
1JCWNHV0012,097,040,43900086,NULL,NULL,NULL,NQR,37,1,NULL,NULL,NULL,NULL,NULL,0,1,70799,NULL
1JCWNHV0012,099,040,43900477,NULL,NULL,NULL,NQR,37,1,NULL,NULL,NULL,NULL,NULL,0,1,70799,NULL
1JCWNHV0012,101,069,43900808,NULL,NULL,NULL,NQR,37,1,NULL,NULL,NULL,NULL,NULL,0,1,70799,NULL
1JCWNHV0012,125,033,43900687,NULL,NULL,NULL,NQR,37,1,NULL,NULL,NULL,NULL,NULL,0,1,70799,NULL
1JCWNHV0013,097,040,43900086,NULL,NULL,NULL,NQR,37,1,NULL,NULL,NULL,NULL,NULL,0,1,70807,NULL
1JCWNHV0013,099,040,43900477,NULL,NULL,NULL,NQR,37,1,NULL,NULL,NULL,NULL,NULL,0,1,70807,NULL
1JCWNHV0013,101,069,43900808,NULL,NULL,NULL,NQR,37,1,NULL,NULL,NULL,NULL,NULL,0,1,70807,NULL
1JCWNHV0013,125,033,43900687,NULL,NULL,NULL,NQR,37,1,NULL,NULL,NULL,NULL,NULL,0,1,70807,NULL
1JCWNUV0005,097,040,43900839,NULL,NULL,NULL,NQR,37,1,NULL,NULL,NULL,NULL,NULL,0,1,25367,NULL
1JCWNUV0005,099,040,43900477,NULL,NULL,NULL,NQR,37,1,NULL,NULL,NULL,NULL,NULL,0,1,25367,NULL
1JCWNUV0005,101,069,43900839,NULL,NULL,NULL,NQR,37,1,NULL,NULL,NULL,NULL,NULL,0,1,25367,NULL
1JCWNUV0005,125,033,43900687,NULL,NULL,NULL,NQR,37,1,NULL,NULL,NULL,NULL,NULL,0,1,NULL,NULL
1JCWNUV0006,097,040,43900839,NULL,NULL,NULL,NQR,37,1,NULL,NULL,NULL,NULL,NULL,0,1,38982,NULL
1JCWNUV0006,099,040,43900477,NULL,NULL,NULL,NQR,37,1,NULL,NULL,NULL,NULL,NULL,0,1,38982,NULL
1JCWNUV0006,101,069,43900839,NULL,NULL,NULL,NQR,37,1,NULL,NULL,NULL,NULL,NULL,0,1,38982,NULL
1JCWNUV0006,125,033,43900687,NULL,NULL,NULL,NQR,37,1,NULL,NULL,NULL,NULL,NULL,0,1,NULL,NULL
1JCWNUV0007,097,040,43900839,NULL,NULL,NULL,NQR,37,1,NULL,NULL,NULL,NULL,NULL,0,1,20495,NULL
1JCWNUV0007,099,040,43900477,NULL,NULL,NULL,NQR,37,1,NULL,NULL,NULL,NULL,NULL,0,1,20495,NULL
1JCWNUV0007,101,069,43900839,NULL,NULL,NULL,NQR,37,1,NULL,NULL,NULL,NULL,NULL,0,1,20495,NULL
1JCWNUV0007,125,033,43900687,NULL,NULL,NULL,NQR,37,1,NULL,NULL,NULL,NULL,NULL,0,1,NULL,NULL
1JCWNUV0008,097,040,43900839,NULL,NULL,NULL,NQR,37,1,NULL,NULL,NULL,NULL,NULL,0,1,20496,NULL
1JCWNUV0008,099,040,43900477,NULL,NULL,NULL,NQR,37,1,NULL,NULL,NULL,NULL,NULL,0,1,20496,NULL
1JCWNUV0008,101,069,43900839,NULL,NULL,NULL,NQR,37,1,NULL,NULL,NULL,NULL,NULL,0,1,20496,NULL
1JCWNUV0008,125,033,43900687,NULL,NULL,NULL,NQR,37,1,NULL,NULL,NULL,NULL,NULL,0,1,NULL,NULL
1JEDNPV0029,002,066,NULL,NULL,NULL,NULL,NQR,37,1,NULL,NULL,NULL,NULL,NULL,1,1,3774,NULL
1JEDNPV0029,097,040,NULL,NULL,NULL,NULL,NQR,37,1,NULL,NULL,NULL,NULL,NULL,1,1,3774,NULL
1JEDNPV0029,098,067,43900094,NULL,NULL,NULL,NQR,37,1,NULL,NULL,NULL,NULL,NULL,0,1,3774,NULL
1JEDNPV0029,098,092,43900122,NULL,NULL,NULL,NQR,37,1,NULL,NULL,NULL,NULL,NULL,0,1,3774,NULL
1JEDNPV0029,099,040,43900094,NULL,NULL,NULL,NQR,37,1,NULL,NULL,NULL,NULL,NULL,0,1,3774,NULL
1JEDNPV0029,123,040,NULL,NULL,NULL,NULL,NQR,37,1,NULL,NULL,NULL,NULL,NULL,1,0,NULL,NULL
1JEDNPV0029,125,033,43900687,NULL,NULL,NULL,NQR,37,1,NULL,NULL,NULL,NULL,NULL,0,1,3774,NULL
1JEDNPV0030,002,066,NULL,NULL,NULL,NULL,NQR,37,1,NULL,NULL,NULL,NULL,NULL,1,1,28809,NULL
1JEDNPV0030,097,040,NULL,NULL,NULL,NULL,NQR,37,1,NULL,NULL,NULL,NULL,NULL,1,1,28809,NULL
1JEDNPV0030,098,067,43900094,NULL,NULL,NULL,NQR,37,1,NULL,NULL,NULL,NULL,NULL,0,1,28809,NULL
1JEDNPV0030,098,092,43900122,NULL,NULL,NULL,NQR,37,1,NULL,NULL,NULL,NULL,NULL,0,1,28809,NULL
1JEDNPV0030,099,040,NULL,NULL,NULL,NULL,NQR,37,1,NULL,NULL,NULL,NULL,NULL,1,1,28809,NULL
1JEDNPV0030,125,033,43900687,NULL,NULL,NULL,NQR,37,1,NULL,NULL,NULL,NULL,NULL,0,1,28809,NULL
1JEDNPV0033,024,016,43900122,NULL,NULL,NULL,NQR,37,1,NULL,NULL,NULL,NULL,NULL,0,1,4416,NULL
1JEDNPV0033,097,040,4390000122,NULL,NULL,NULL,NQR,37,1,NULL,NULL,NULL,NULL,NULL,1,1,4416,NULL
1JEDNPV0033,099,040,4390000477,NULL,NULL,NULL,NQR,37,1,NULL,NULL,NULL,NULL,NULL,1,1,4416,NULL
1JEDNPV0033,125,033,43900687,NULL,NULL,NULL,NQR,37,1,NULL,NULL,NULL,NULL,NULL,1,1,4416,NULL
1JEDNPV0034,024,016,43900122,NULL,NULL,NULL,NQR,37,1,NULL,NULL,NULL,NULL,NULL,0,1,4417,NULL
1JEDNPV0034,097,040,4390000122,NULL,NULL,NULL,NQR,37,1,NULL,NULL,NULL,NULL,NULL,1,1,4417,NULL
1JEDNPV0034,099,040,4390000477,NULL,NULL,NULL,NQR,37,1,NULL,NULL,NULL,NULL,NULL,1,1,4417,NULL
1JEDNPV0034,125,033,43900687,NULL,NULL,NULL,NQR,37,1,NULL,NULL,NULL,NULL,NULL,0,1,4417,NULL
1JEDNPV0036,097,040,43900122,NULL,NULL,NULL,NQR,37,1,NULL,NULL,NULL,NULL,NULL,0,1,4418,NULL
1JEDNPV0036,099,040,43900477,NULL,NULL,NULL,NQR,37,1,NULL,NULL,NULL,NULL,NULL,0,1,4418,NULL
1JEDNPV0036,125,033,43900687,NULL,NULL,NULL,NQR,37,1,NULL,NULL,NULL,NULL,NULL,0,1,4418,NULL
1JEDNUV0025,097,040,NULL,NULL,NULL,NULL,NQR,37,1,NULL,NULL,NULL,NULL,NULL,0,1,19191,NULL
1JEDNUV0026,097,040,NULL,NULL,NULL,NULL,NQR,37,1,NULL,NULL,NULL,NULL,NULL,0,1,14409,NULL
1JEDNUV0027,097,040,NULL,NULL,NULL,NULL,NQR,37,1,NULL,NULL,NULL,NULL,NULL,0,1,19195,NULL
1JEDNUV0028,097,040,NULL,NULL,NULL,NULL,NQR,37,1,NULL,NULL,NULL,NULL,NULL,0,1,19199,NULL
1JEDNUV0031,097,040,NULL,NULL,NULL,NULL,NQR,37,1,NULL,NULL,NULL,NULL,NULL,0,1,19203,NULL
1JEDNUV0032,097,040,NULL,NULL,NULL,NULL,NQR,37,1,NULL,NULL,NULL,NULL,NULL,0,1,48415,NULL
1JEWAUV0065,002,066,4390000122,NULL,NULL,NULL,Q,37,1,NULL,NULL,NULL,NULL,NULL,1,1,12985,NULL
1JEWAUV0065,097,040,4390000122,NULL,NULL,NULL,Q,37,1,NULL,NULL,NULL,NULL,NULL,1,1,12985,NULL
1JEWAUV0065,098,067,4390000094,NULL,NULL,NULL,Q,37,1,NULL,NULL,NULL,NULL,NULL,1,0,12985,NULL
1JEWAUV0065,098,092,43900122,NULL,NULL,NULL,Q,37,1,NULL,NULL,NULL,NULL,NULL,0,1,12985,NULL
1JEWAUV0065,099,040,43900094,NULL,NULL,NULL,Q,37,1,NULL,NULL,NULL,NULL,NULL,0,1,12985,NULL
1JEWAUV0065,125,033,43900687,NULL,NULL,NULL,Q,37,1,NULL,NULL,NULL,NULL,NULL,0,1,NULL,NULL
1JEWAUV0145,002,066,4390000122,NULL,NULL,NULL,Q,37,1,NULL,NULL,NULL,NULL,NULL,1,1,4827,NULL
1JEWAUV0145,097,040,43900122,NULL,NULL,NULL,Q,37,1,NULL,NULL,NULL,NULL,NULL,0,1,4827,NULL
1JEWAUV0145,098,067,43900094,NULL,NULL,NULL,Q,37,1,NULL,NULL,NULL,NULL,NULL,0,1,4827,NULL
1JEWAUV0145,098,092,43900122,NULL,NULL,NULL,Q,37,1,NULL,NULL,NULL,NULL,NULL,0,1,4827,NULL
1JEWAUV0145,099,040,4390000094,NULL,NULL,NULL,Q,37,1,NULL,NULL,NULL,NULL,NULL,1,1,4827,NULL
1JEWAUV0145,125,033,43900687,NULL,NULL,NULL,Q,37,1,NULL,NULL,NULL,NULL,NULL,0,1,NULL,NULL
1JFTNHV0003,024,016,43900122,NULL,NULL,NULL,NQR,37,1,NULL,NULL,NULL,NULL,NULL,0,1,4419,NULL
1JFTNHV0003,097,040,43900122,NULL,NULL,NULL,NQR,37,1,NULL,NULL,NULL,NULL,NULL,0,1,4419,NULL
1JFTNHV0003,099,040,43900477,NULL,NULL,NULL,NQR,37,1,NULL,NULL,NULL,NULL,NULL,0,1,4419,NULL
1JFTNHV0003,125,033,43900687,NULL,NULL,NULL,NQR,37,1,NULL,NULL,NULL,NULL,NULL,0,1,4419,NULL
1JFTNHV0004,024,016,43900122,NULL,NULL,NULL,NQR,37,1,NULL,NULL,NULL,NULL,NULL,0,1,4420,NULL
1JFTNHV0004,097,040,43900122,NULL,NULL,NULL,NQR,37,1,NULL,NULL,NULL,NULL,NULL,0,1,4420,NULL
1JFTNHV0004,099,040,43900477,NULL,NULL,NULL,NQR,37,1,NULL,NULL,NULL,NULL,NULL,0,1,4420,NULL
1JFTNHV0004,125,033,43900687,NULL,NULL,NULL,NQR,37,1,NULL,NULL,NULL,NULL,NULL,0,1,4420,NULL
1JFTNHV0005,002,066,NULL,NULL,NULL,NULL,NQR,37,1,NULL,NULL,NULL,NULL,NULL,1,1,NULL,NULL
1JFTNHV0005,024,016,43900122,NULL,NULL,NULL,NQR,37,1,NULL,NULL,NULL,NULL,NULL,0,1,4421,NULL
1JFTNHV0005,097,040,NULL,NULL,NULL,NULL,NQR,37,1,NULL,NULL,NULL,NULL,NULL,1,1,4421,NULL
1JFTNHV0005,099,040,NULL,NULL,NULL,NULL,NQR,37,1,NULL,NULL,NULL,NULL,NULL,1,1,4421,NULL
1JFTNHV0005,125,033,43900687,NULL,NULL,NULL,NQR,37,1,NULL,NULL,NULL,NULL,NULL,0,1,4421,NULL
1JFTNHV0006,024,016,43900122,NULL,NULL,NULL,NQR,37,1,NULL,NULL,NULL,NULL,NULL,0,1,4422,NULL
1JFTNHV0006,097,040,43900122,NULL,NULL,NULL,NQR,37,1,NULL,NULL,NULL,NULL,NULL,0,1,4422,NULL
1JFTNHV0006,099,040,43900477,NULL,NULL,NULL,NQR,37,1,NULL,NULL,NULL,NULL,NULL,0,1,4422,NULL
1JFTNHV0006,125,033,43900687,NULL,NULL,NULL,NQR,37,1,NULL,NULL,NULL,NULL,NULL,0,1,4422,NULL
1JFTNHV0007,024,016,43900122,NULL,NULL,NULL,NQR,37,1,NULL,NULL,NULL,NULL,NULL,0,1,4423,NULL
1JFTNHV0007,097,040,43900122,NULL,NULL,NULL,NQR,37,1,NULL,NULL,NULL,NULL,NULL,0,1,4423,NULL
1JFTNHV0007,099,040,43900477,NULL,NULL,NULL,NQR,37,1,NULL,NULL,NULL,NULL,NULL,0,1,4423,NULL
1JFTNHV0007,125,033,43900687,NULL,NULL,NULL,NQR,37,1,NULL,NULL,NULL,NULL,NULL,0,1,4423,NULL
1JFTNHV0008,024,016,43900122,NULL,NULL,NULL,NQR,37,1,NULL,NULL,NULL,NULL,NULL,0,1,4424,NULL
1JFTNHV0008,097,040,4390000122,NULL,NULL,NULL,NQR,37,1,NULL,NULL,NULL,NULL,NULL,1,1,4424,NULL
1JFTNHV0008,099,040,4390000477,NULL,NULL,NULL,NQR,37,1,NULL,NULL,NULL,NULL,NULL,1,1,4424,NULL
1JFTNHV0008,125,033,43900687,NULL,NULL,NULL,NQR,37,1,NULL,NULL,NULL,NULL,NULL,0,1,4424,NULL
1JFTNHV0011,024,016,43900122,NULL,NULL,NULL,NQR,37,1,NULL,NULL,NULL,NULL,NULL,0,1,4425,NULL
1JFTNHV0011,097,040,43900122,NULL,NULL,NULL,NQR,37,1,NULL,NULL,NULL,NULL,NULL,0,1,4425,NULL
1JFTNHV0011,099,040,43900477,NULL,NULL,NULL,NQR,37,1,NULL,NULL,NULL,NULL,NULL,0,1,4425,NULL
1JFTNHV0011,125,033,43900687,NULL,NULL,NULL,NQR,37,1,NULL,NULL,NULL,NULL,NULL,0,1,4425,NULL
1JFTNHV0012,024,016,43900122,NULL,NULL,NULL,NQR,37,1,NULL,NULL,NULL,NULL,NULL,0,1,4426,NULL
1JFTNHV0012,097,040,43900122,NULL,NULL,NULL,NQR,37,1,NULL,NULL,NULL,NULL,NULL,0,1,4426,NULL
1JFTNHV0012,099,040,43900477,NULL,NULL,NULL,NQR,37,1,NULL,NULL,NULL,NULL,NULL,0,1,4426,NULL
1JFTNHV0012,125,033,43900687,NULL,NULL,NULL,NQR,37,1,NULL,NULL,NULL,NULL,NULL,0,1,4426,NULL
1JFTNHV0013,024,016,43900122,NULL,NULL,NULL,NQR,37,1,NULL,NULL,NULL,NULL,NULL,0,1,4427,NULL
1JFTNHV0013,097,040,43900122,NULL,NULL,NULL,NQR,37,1,NULL,NULL,NULL,NULL,NULL,0,1,4427,NULL
1JFTNHV0013,099,040,43900477,NULL,NULL,NULL,NQR,37,1,NULL,NULL,NULL,NULL,NULL,0,1,4427,NULL
1JFTNHV0013,125,033,43900687,NULL,NULL,NULL,NQR,37,1,NULL,NULL,NULL,NULL,NULL,0,1,4427,NULL
1JFTNHV0014,097,040,43900122,NULL,NULL,NULL,NQR,37,1,NULL,NULL,NULL,NULL,NULL,0,1,4428,NULL
1JFTNHV0014,099,040,43900477,NULL,NULL,NULL,NQR,37,1,NULL,NULL,NULL,NULL,NULL,0,1,4428,NULL
1JFTNHV0014,125,033,43900263,NULL,NULL,NULL,NQR,37,1,NULL,NULL,NULL,NULL,NULL,0,1,4428,NULL
1JFWNFV0001,005,009,4390000156,NULL,"NA ",F,NQR,37,1,NULL,NULL,NULL,NULL,NULL,1,1,13059,NULL
1JFWNFV0002,005,009,4390000156,NULL,"NA ",F,NQR,37,1,NULL,NULL,NULL,NULL,NULL,1,1,13060,NULL
1JFWNHV0031,097,040,NULL,NULL,NULL,NULL,NQR,37,1,NULL,NULL,NULL,NULL,NULL,0,1,19179,NULL
1JFWNHV0032,097,040,NULL,NULL,NULL,NULL,NQR,37,1,NULL,NULL,NULL,NULL,NULL,0,1,19182,NULL
1JFWNHV0032,105,069,43900808,NULL,NULL,NULL,NQR,NULL,NULL,NULL,NULL,NULL,NULL,NULL,NULL,NULL,19182,NULL
1JFWNHV0073,097,040,NULL,NULL,NULL,NULL,NQR,37,1,NULL,NULL,NULL,NULL,NULL,0,1,19185,NULL
1JFWNHV0074,097,040,NULL,NULL,NULL,NULL,NQR,37,1,NULL,NULL,NULL,NULL,NULL,0,1,19188,NULL
1JFWNHV0101,097,040,NULL,NULL,NULL,NULL,NQR,37,1,NULL,NULL,NULL,NULL,NULL,0,1,71175,NULL
1JFWNHV0102,097,040,NULL,NULL,NULL,NULL,NQR,37,1,NULL,NULL,NULL,NULL,NULL,0,1,20397,NULL
1JFWNHV0103,097,040,NULL,NULL,NULL,NULL,NQR,37,1,NULL,NULL,NULL,NULL,NULL,0,1,71180,NULL
1JGRAUV0001,097,040,NULL,NULL,NULL,NULL,NQR,37,1,NULL,NULL,NULL,NULL,NULL,0,1,10645,NULL
1JGSNHV0005,002,066,43900122,NULL,NULL,NULL,NQR,37,1,NULL,NULL,NULL,NULL,NULL,0,1,29997,NULL
1JGSNHV0005,097,040,43900122,NULL,NULL,NULL,NQR,37,1,NULL,NULL,NULL,NULL,NULL,0,1,29997,NULL
1JGSNHV0005,098,067,43900094,NULL,NULL,NULL,NQR,37,1,NULL,NULL,NULL,NULL,NULL,0,1,29997,NULL
1JGSNHV0005,098,092,43900122,NULL,NULL,NULL,NQR,37,1,NULL,NULL,NULL,NULL,NULL,0,1,29997,NULL
1JGSNHV0005,099,040,43900094,NULL,NULL,NULL,NQR,37,1,NULL,NULL,NULL,NULL,NULL,0,1,29997,NULL
1JGSNHV0005,125,033,43900687,NULL,NULL,NULL,NQR,37,1,NULL,NULL,NULL,NULL,NULL,0,1,29997,NULL
1JGSNHV0006,002,066,4390000122,NULL,NULL,NULL,NQR,37,1,NULL,NULL,NULL,NULL,NULL,1,1,5312,NULL
1JGSNHV0006,097,040,4390000122,NULL,NULL,NULL,NQR,37,1,NULL,NULL,NULL,NULL,NULL,1,1,5312,NULL
1JGSNHV0006,098,067,43900094,NULL,NULL,NULL,NQR,37,1,NULL,NULL,NULL,NULL,NULL,0,1,5312,NULL
1JGSNHV0006,098,092,43900122,NULL,NULL,NULL,NQR,37,1,NULL,NULL,NULL,NULL,NULL,0,1,5312,NULL
1JGSNHV0006,099,040,4390000094,NULL,NULL,NULL,NQR,37,1,NULL,NULL,NULL,NULL,NULL,1,1,5312,NULL
1JGSNHV0006,125,033,43900687,NULL,NULL,NULL,NQR,37,1,NULL,NULL,NULL,NULL,NULL,0,1,5312,NULL
1JGSNHV0007,002,066,43900122,NULL,NULL,NULL,NQR,37,1,NULL,NULL,NULL,NULL,NULL,0,1,19176,NULL
1JGSNHV0007,097,040,43900122,NULL,NULL,NULL,NQR,37,1,NULL,NULL,NULL,NULL,NULL,0,1,19176,NULL
1JGSNHV0007,098,067,43900094,NULL,NULL,NULL,NQR,37,1,NULL,NULL,NULL,NULL,NULL,0,1,19176,NULL
1JGSNHV0007,098,092,43900122,NULL,NULL,NULL,NQR,37,1,NULL,NULL,NULL,NULL,NULL,0,1,19176,NULL
1JGSNHV0007,099,040,43900094,NULL,NULL,NULL,NQR,37,1,NULL,NULL,NULL,NULL,NULL,0,1,19176,NULL
1JGSNHV0007,125,033,43900687,NULL,NULL,NULL,NQR,37,1,NULL,NULL,NULL,NULL,NULL,0,1,19176,NULL
1JGSNHV0014,002,066,43900122,NULL,NULL,NULL,NQR,37,1,NULL,NULL,NULL,NULL,NULL,0,1,42119,NULL
1JGSNHV0014,097,040,43900122,NULL,NULL,NULL,NQR,37,1,NULL,NULL,NULL,NULL,NULL,0,1,42119,NULL
1JGSNHV0014,098,067,43900094,NULL,NULL,NULL,NQR,37,1,NULL,NULL,NULL,NULL,NULL,0,1,42119,NULL
1JGSNHV0014,098,092,43900122,NULL,NULL,NULL,NQR,37,1,NULL,NULL,NULL,NULL,NULL,0,1,42119,NULL
1JGSNHV0014,099,040,43900094,NULL,NULL,NULL,NQR,37,1,NULL,NULL,NULL,NULL,NULL,0,1,42119,NULL
1JGSNHV0014,125,033,43900687,NULL,NULL,NULL,NQR,37,1,NULL,NULL,NULL,NULL,NULL,0,1,42119,NULL
1JGSNHV005,002,066,NULL,NULL,NULL,NULL,NQR,37,1,NULL,NULL,NULL,NULL,NULL,1,1,NULL,NULL
1JGSNHV005,097,040,NULL,NULL,NULL,NULL,NQR,37,1,NULL,NULL,NULL,NULL,NULL,1,1,NULL,NULL
1JGSNHV005,099,040,NULL,NULL,NULL,NULL,NQR,37,1,NULL,NULL,NULL,NULL,NULL,1,1,NULL,NULL
1JHPAUV0001,097,040,NULL,NULL,NULL,NULL,Q,37,1,NULL,NULL,NULL,NULL,NULL,0,1,10473,NULL
1JHPAUV0003,097,040,NULL,NULL,NULL,NULL,Q,37,1,NULL,NULL,NULL,NULL,NULL,0,1,10617,NULL
1JHPAUV0005,097,040,NULL,NULL,NULL,NULL,Q,37,1,NULL,NULL,NULL,NULL,NULL,0,1,10641,NULL
1JHPBUV0002,097,040,NULL,NULL,NULL,NULL,Q,37,1,NULL,NULL,NULL,NULL,NULL,0,1,10240,NULL
1JHPBUV0004,097,040,NULL,NULL,NULL,NULL,Q,37,1,NULL,NULL,NULL,NULL,NULL,0,1,10636,NULL
1JHPBUV0006,097,040,NULL,NULL,NULL,NULL,Q,37,1,NULL,NULL,NULL,NULL,NULL,0,1,10638,NULL
1JLRNHV0273,002,066,NULL,NULL,NULL,NULL,NQR,37,1,NULL,NULL,NULL,NULL,NULL,0,1,NULL,NULL
1JLRNHV0273,024,016,43900122,NULL,NULL,NULL,NQR,37,1,NULL,NULL,NULL,NULL,NULL,0,1,4429,NULL
1JLRNHV0273,097,040,43900122,NULL,NULL,NULL,NQR,37,1,NULL,NULL,NULL,NULL,NULL,0,1,4429,NULL
1JLRNHV0273,099,040,43900477,NULL,NULL,NULL,NQR,37,1,NULL,NULL,NULL,NULL,NULL,0,1,4429,NULL
1JLRNHV0273,125,033,43900687,NULL,NULL,NULL,NQR,37,1,NULL,NULL,NULL,NULL,NULL,0,1,4429,NULL
1JLRNHV0274,024,016,43900122,NULL,NULL,NULL,NQR,37,1,NULL,NULL,NULL,NULL,NULL,0,1,4430,NULL
1JLRNHV0274,097,040,43900122,NULL,NULL,NULL,NQR,37,1,NULL,NULL,NULL,NULL,NULL,0,1,4430,NULL
1JLRNHV0274,099,040,43900477,NULL,NULL,NULL,NQR,37,1,NULL,NULL,NULL,NULL,NULL,0,1,4430,NULL
1JLRNHV0274,125,033,43900687,NULL,NULL,NULL,NQR,37,1,NULL,NULL,NULL,NULL,NULL,0,1,4430,NULL
1JMTNHV0224,002,066,NULL,NULL,NULL,NULL,NQR,37,1,NULL,NULL,NULL,NULL,NULL,1,1,NULL,NULL
1JMTNHV0224,097,040,NULL,NULL,NULL,NULL,NQR,37,1,NULL,NULL,NULL,NULL,NULL,1,1,NULL,NULL
1JMTNHV0242,002,066,NULL,NULL,NULL,NULL,NQR,37,1,NULL,NULL,NULL,NULL,NULL,1,1,3685,NULL
1JMTNHV0242,097,040,NULL,NULL,NULL,NULL,NQR,37,1,NULL,NULL,NULL,NULL,NULL,1,1,3685,NULL
1JMTNHV0242,098,049,NULL,NULL,NULL,NULL,NQR,37,1,NULL,NULL,NULL,NULL,NULL,1,0,NULL,NULL
1JMTNHV0242,098,067,43900094,NULL,NULL,NULL,NQR,37,1,NULL,NULL,NULL,NULL,NULL,0,1,3685,NULL
1JMTNHV0242,098,092,43900122,NULL,NULL,NULL,NQR,37,1,NULL,NULL,NULL,NULL,NULL,0,1,3685,NULL
1JMTNHV0242,099,040,43900094,NULL,NULL,NULL,NQR,37,1,NULL,NULL,NULL,NULL,NULL,0,1,3685,NULL
1JMTNHV0242,125,033,43900687,NULL,NULL,NULL,NQR,37,1,NULL,NULL,NULL,NULL,NULL,0,1,3685,NULL
1JMTNHV0243,002,066,NULL,NULL,NULL,NULL,NQR,37,1,NULL,NULL,NULL,NULL,NULL,1,1,3686,NULL
1JMTNHV0243,097,040,NULL,NULL,NULL,NULL,NQR,37,1,NULL,NULL,NULL,NULL,NULL,1,1,3686,NULL
1JMTNHV0243,098,067,43900094,NULL,NULL,NULL,NQR,37,1,NULL,NULL,NULL,NULL,NULL,0,1,3686,NULL
1JMTNHV0243,098,092,43900122,NULL,NULL,NULL,NQR,37,1,NULL,NULL,NULL,NULL,NULL,0,1,3686,NULL
1JMTNHV0243,099,040,NULL,NULL,NULL,NULL,NQR,37,1,NULL,NULL,NULL,NULL,NULL,1,1,3686,NULL
1JMTNHV0243,125,033,43900687,NULL,NULL,NULL,NQR,37,1,NULL,NULL,NULL,NULL,NULL,0,1,3686,NULL
1JMTNHV0244,002,066,43900122,NULL,NULL,NULL,NQR,37,1,NULL,NULL,NULL,NULL,NULL,0,1,3687,NULL
1JMTNHV0244,097,040,43900122,NULL,NULL,NULL,NQR,37,1,NULL,NULL,NULL,NULL,NULL,0,1,3687,NULL
1JMTNHV0244,098,067,43900094,NULL,NULL,NULL,NQR,37,1,NULL,NULL,NULL,NULL,NULL,0,1,3687,NULL
1JMTNHV0244,098,092,43900122,NULL,NULL,NULL,NQR,37,1,NULL,NULL,NULL,NULL,NULL,0,1,3687,NULL
1JMTNHV0244,099,040,NULL,NULL,NULL,NULL,NQR,37,1,NULL,NULL,NULL,NULL,NULL,1,1,3687,NULL
1JMTNHV0244,125,033,43900687,NULL,NULL,NULL,NQR,37,1,NULL,NULL,NULL,NULL,NULL,0,1,3687,NULL
1JMTNHV0245,002,066,NULL,NULL,NULL,NULL,NQR,37,1,NULL,NULL,NULL,NULL,NULL,1,1,3688,NULL
1JMTNHV0245,097,040,NULL,NULL,NULL,NULL,NQR,37,1,NULL,NULL,NULL,NULL,NULL,1,1,3688,NULL
1JMTNHV0245,098,067,43900094,NULL,NULL,NULL,NQR,37,1,NULL,NULL,NULL,NULL,NULL,0,1,3688,NULL
1JMTNHV0245,098,092,43900122,NULL,NULL,NULL,NQR,37,1,NULL,NULL,NULL,NULL,NULL,0,1,3688,NULL
1JMTNHV0245,099,040,NULL,NULL,NULL,NULL,NQR,37,1,NULL,NULL,NULL,NULL,NULL,1,1,3688,NULL
1JMTNHV0245,125,033,43900687,NULL,NULL,NULL,NQR,37,1,NULL,NULL,NULL,NULL,NULL,0,1,3688,NULL
1JMTNHV0246,024,016,43900122,NULL,NULL,NULL,NQR,37,1,NULL,NULL,NULL,NULL,NULL,0,1,4431,NULL
1JMTNHV0246,097,040,43900122,NULL,NULL,NULL,NQR,37,1,NULL,NULL,NULL,NULL,NULL,0,1,4431,NULL
1JMTNHV0246,099,040,43900477,NULL,NULL,NULL,NQR,37,1,NULL,NULL,NULL,NULL,NULL,0,1,4431,NULL
1JMTNHV0246,125,033,43900687,NULL,NULL,NULL,NQR,37,1,NULL,NULL,NULL,NULL,NULL,0,1,4431,NULL
1JMTNHV0247,024,016,43900122,NULL,NULL,NULL,NQR,37,1,NULL,NULL,NULL,NULL,NULL,0,1,4432,NULL
1JMTNHV0247,097,040,43900122,NULL,NULL,NULL,NQR,37,1,NULL,NULL,NULL,NULL,NULL,0,1,4432,NULL
1JMTNHV0247,099,040,43900477,NULL,NULL,NULL,NQR,37,1,NULL,NULL,NULL,NULL,NULL,0,1,4432,NULL
1JMTNHV0247,125,033,43900687,NULL,NULL,NULL,NQR,37,1,NULL,NULL,NULL,NULL,NULL,0,1,4432,NULL
1JMTNHV0248,024,016,43900122,NULL,NULL,NULL,NQR,37,1,NULL,NULL,NULL,NULL,NULL,0,1,4433,NULL
1JMTNHV0248,097,040,43900122,NULL,NULL,NULL,NQR,37,1,NULL,NULL,NULL,NULL,NULL,0,1,4433,NULL
1JMTNHV0248,099,040,43900477,NULL,NULL,NULL,NQR,37,1,NULL,NULL,NULL,NULL,NULL,0,1,4433,NULL
1JMTNHV0248,125,033,43900687,NULL,NULL,NULL,NQR,37,1,NULL,NULL,NULL,NULL,NULL,0,1,4433,NULL
1JMTNHV0249,024,016,43900122,NULL,NULL,NULL,NQR,37,1,NULL,NULL,NULL,NULL,NULL,0,1,4434,NULL
1JMTNHV0249,097,040,43900122,NULL,NULL,NULL,NQR,37,1,NULL,NULL,NULL,NULL,NULL,0,1,4434,NULL
1JMTNHV0249,099,040,43900477,NULL,NULL,NULL,NQR,37,1,NULL,NULL,NULL,NULL,NULL,0,1,4434,NULL
1JMTNHV0249,125,033,43900687,NULL,NULL,NULL,NQR,37,1,NULL,NULL,NULL,NULL,NULL,0,1,4434,NULL
1JMTNHV0251,024,016,43900122,NULL,NULL,NULL,NQR,37,1,NULL,NULL,NULL,NULL,NULL,0,1,4435,NULL
1JMTNHV0251,097,040,43900122,NULL,NULL,NULL,NQR,37,1,NULL,NULL,NULL,NULL,NULL,0,1,4435,NULL
1JMTNHV0251,099,040,43900477,NULL,NULL,NULL,NQR,37,1,NULL,NULL,NULL,NULL,NULL,0,1,4435,NULL
1JMTNHV0251,125,033,43900687,NULL,NULL,NULL,NQR,37,1,NULL,NULL,NULL,NULL,NULL,0,1,4435,NULL
1JMTNHV0252,024,016,43900122,NULL,NULL,NULL,NQR,37,1,NULL,NULL,NULL,NULL,NULL,0,1,4436,NULL
1JMTNHV0252,097,040,43900122,NULL,NULL,NULL,NQR,37,1,NULL,NULL,NULL,NULL,NULL,0,1,4436,NULL
1JMTNHV0252,099,040,43900477,NULL,NULL,NULL,NQR,37,1,NULL,NULL,NULL,NULL,NULL,0,1,4436,NULL
1JMTNHV0252,125,033,43900687,NULL,NULL,NULL,NQR,37,1,NULL,NULL,NULL,NULL,NULL,0,1,4436,NULL
1JMTNHV0253,097,040,NULL,NULL,NULL,NULL,NQR,37,1,NULL,NULL,NULL,NULL,NULL,1,1,4437,NULL
1JMTNHV0253,099,040,NULL,NULL,NULL,NULL,NQR,37,1,NULL,NULL,NULL,NULL,NULL,1,1,4437,NULL
1JMTNHV0253,125,033,43900687,NULL,NULL,NULL,NQR,37,1,NULL,NULL,NULL,NULL,NULL,0,1,4437,NULL
1JMTNHV0254,024,016,43900122,NULL,NULL,NULL,NQR,37,1,NULL,NULL,NULL,NULL,NULL,0,1,4438,NULL
1JMTNHV0254,097,040,NULL,NULL,NULL,NULL,NQR,37,1,NULL,NULL,NULL,NULL,NULL,1,1,4438,NULL
1JMTNHV0254,099,040,NULL,NULL,NULL,NULL,NQR,37,1,NULL,NULL,NULL,NULL,NULL,1,1,4438,NULL
1JMTNHV0254,125,033,43900687,NULL,NULL,NULL,NQR,37,1,NULL,NULL,NULL,NULL,NULL,0,1,4438,NULL
1JMTNHV0255,024,016,43900122,NULL,NULL,NULL,NQR,37,1,NULL,NULL,NULL,NULL,NULL,0,1,4439,NULL
1JMTNHV0255,097,040,43900122,NULL,NULL,NULL,NQR,37,1,NULL,NULL,NULL,NULL,NULL,0,1,4439,NULL
1JMTNHV0255,099,040,43900477,NULL,NULL,NULL,NQR,37,1,NULL,NULL,NULL,NULL,NULL,0,1,4439,NULL
1JMTNHV0255,125,033,43900687,NULL,NULL,NULL,NQR,37,1,NULL,NULL,NULL,NULL,NULL,0,1,4439,NULL
1JMTNHV0256,002,066,NULL,NULL,NULL,NULL,NQR,37,1,NULL,NULL,NULL,NULL,NULL,1,1,NULL,NULL
1JMTNHV0256,024,016,43900122,NULL,NULL,NULL,NQR,37,1,NULL,NULL,NULL,NULL,NULL,0,1,4440,NULL
1JMTNHV0256,097,040,NULL,NULL,NULL,NULL,NQR,37,1,NULL,NULL,NULL,NULL,NULL,1,1,4440,NULL
1JMTNHV0256,099,040,NULL,NULL,NULL,NULL,NQR,37,1,NULL,NULL,NULL,NULL,NULL,1,1,4440,NULL
1JMTNHV0256,125,033,43900687,NULL,NULL,NULL,NQR,37,1,NULL,NULL,NULL,NULL,NULL,0,1,4440,NULL
1JMTNHV0257,002,066,NULL,NULL,NULL,NULL,NQR,37,1,NULL,NULL,NULL,NULL,NULL,1,1,NULL,NULL
1JMTNHV0257,024,016,43900122,NULL,NULL,NULL,NQR,37,1,NULL,NULL,NULL,NULL,NULL,0,1,4441,NULL
1JMTNHV0257,097,040,NULL,NULL,NULL,NULL,NQR,37,1,NULL,NULL,NULL,NULL,NULL,1,1,4441,NULL
1JMTNHV0257,099,040,NULL,NULL,NULL,NULL,NQR,37,1,NULL,NULL,NULL,NULL,NULL,1,1,4441,NULL
1JMTNHV0257,125,033,43900687,NULL,NULL,NULL,NQR,37,1,NULL,NULL,NULL,NULL,NULL,0,1,4441,NULL
1JMTNHV0258,024,016,43900122,NULL,NULL,NULL,NQR,37,1,NULL,NULL,NULL,NULL,NULL,0,1,4442,NULL
1JMTNHV0258,097,040,43900122,NULL,NULL,NULL,NQR,37,1,NULL,NULL,NULL,NULL,NULL,0,1,4442,NULL
1JMTNHV0258,099,040,43900477,NULL,NULL,NULL,NQR,37,1,NULL,NULL,NULL,NULL,NULL,0,1,4442,NULL
1JMTNHV0258,125,033,43900687,NULL,NULL,NULL,NQR,37,1,NULL,NULL,NULL,NULL,NULL,0,1,4442,NULL
1JMTNHV0259,024,016,43900122,NULL,NULL,NULL,NQR,37,1,NULL,NULL,NULL,NULL,NULL,0,1,4443,NULL
1JMTNHV0259,097,040,NULL,NULL,NULL,NULL,NQR,37,1,NULL,NULL,NULL,NULL,NULL,1,1,4443,NULL
1JMTNHV0259,099,040,NULL,NULL,NULL,NULL,NQR,37,1,NULL,NULL,NULL,NULL,NULL,1,1,4443,NULL
1JMTNHV0259,125,033,43900687,NULL,NULL,NULL,NQR,37,1,NULL,NULL,NULL,NULL,NULL,0,1,4443,NULL
1JMTNHV0260,002,066,NULL,NULL,NULL,NULL,NQR,37,1,NULL,NULL,NULL,NULL,NULL,1,1,NULL,NULL
1JMTNHV0260,024,016,43900122,NULL,NULL,NULL,NQR,37,1,NULL,NULL,NULL,NULL,NULL,0,1,4444,NULL
1JMTNHV0260,097,040,NULL,NULL,NULL,NULL,NQR,37,1,NULL,NULL,NULL,NULL,NULL,1,1,4444,NULL
1JMTNHV0260,099,040,NULL,NULL,NULL,NULL,NQR,37,1,NULL,NULL,NULL,NULL,NULL,1,1,4444,NULL
1JMTNHV0260,125,033,43900687,NULL,NULL,NULL,NQR,37,1,NULL,NULL,NULL,NULL,NULL,0,1,4444,NULL
1JMTNHV0315,002,066,NULL,NULL,NULL,NULL,NQR,37,1,NULL,NULL,NULL,NULL,NULL,1,1,NULL,NULL
1JMTNHV0315,024,016,43900122,NULL,NULL,NULL,NQR,37,1,NULL,NULL,NULL,NULL,NULL,0,1,4445,NULL
1JMTNHV0315,097,040,NULL,NULL,NULL,NULL,NQR,37,1,NULL,NULL,NULL,NULL,NULL,1,1,4445,NULL
1JMTNHV0315,099,040,NULL,NULL,NULL,NULL,NQR,37,1,NULL,NULL,NULL,NULL,NULL,1,1,4445,NULL
1JMTNHV0315,125,033,43900687,NULL,NULL,NULL,NQR,37,1,NULL,NULL,NULL,NULL,NULL,0,1,4445,NULL
1JMTNHV0316,002,066,NULL,NULL,NULL,NULL,NQR,37,1,NULL,NULL,NULL,NULL,NULL,1,1,NULL,NULL
1JMTNHV0316,024,016,43900122,NULL,NULL,NULL,NQR,37,1,NULL,NULL,NULL,NULL,NULL,0,1,4446,NULL
1JMTNHV0316,097,040,NULL,NULL,NULL,NULL,NQR,37,1,NULL,NULL,NULL,NULL,NULL,1,1,4446,NULL
1JMTNHV0316,099,040,NULL,NULL,NULL,NULL,NQR,37,1,NULL,NULL,NULL,NULL,NULL,1,1,4446,NULL
1JMTNHV0316,125,033,43900687,NULL,NULL,NULL,NQR,37,1,NULL,NULL,NULL,NULL,NULL,0,1,4446,NULL
1JMTNHV0321,002,066,NULL,NULL,NULL,NULL,NQR,37,1,NULL,NULL,NULL,NULL,NULL,1,1,NULL,NULL
1JMTNHV0321,024,016,43900122,NULL,NULL,NULL,NQR,37,1,NULL,NULL,NULL,NULL,NULL,0,1,4447,NULL
1JMTNHV0321,097,040,NULL,NULL,NULL,NULL,NQR,37,1,NULL,NULL,NULL,NULL,NULL,1,1,4447,NULL
1JMTNHV0321,099,040,NULL,NULL,NULL,NULL,NQR,37,1,NULL,NULL,NULL,NULL,NULL,1,1,4447,NULL
1JMTNHV0321,125,033,43900687,NULL,NULL,NULL,NQR,37,1,NULL,NULL,NULL,NULL,NULL,0,1,4447,NULL
1JMTNHV0322,002,066,NULL,NULL,NULL,NULL,NQR,37,1,NULL,NULL,NULL,NULL,NULL,1,1,NULL,NULL
1JMTNHV0322,024,016,43900122,NULL,NULL,NULL,NQR,37,1,NULL,NULL,NULL,NULL,NULL,0,1,4448,NULL
1JMTNHV0322,097,040,NULL,NULL,NULL,NULL,NQR,37,1,NULL,NULL,NULL,NULL,NULL,1,1,4448,NULL
1JMTNHV0322,099,040,NULL,NULL,NULL,NULL,NQR,37,1,NULL,NULL,NULL,NULL,NULL,1,1,4448,NULL
1JMTNHV0322,125,033,43900687,NULL,NULL,NULL,NQR,37,1,NULL,NULL,NULL,NULL,NULL,0,1,4448,NULL
1JMTNHV0327,024,016,43900122,NULL,NULL,NULL,NQR,37,1,NULL,NULL,NULL,NULL,NULL,0,1,NULL,NULL
1JMTNHV0327,097,040,43900122,NULL,NULL,NULL,NQR,37,1,NULL,NULL,NULL,NULL,NULL,0,1,NULL,NULL
1JMTNHV0327,099,040,43900477,NULL,NULL,NULL,NQR,37,1,NULL,NULL,NULL,NULL,NULL,0,1,NULL,NULL
1JMTNHV0327,125,033,43900687,NULL,NULL,NULL,NQR,37,1,NULL,NULL,NULL,NULL,NULL,0,1,NULL,NULL
1JMTNHV0327A,024,016,NULL,NULL,NULL,NULL,NQR,37,1,NULL,NULL,NULL,NULL,NULL,0,0,4449,NULL
1JMTNHV0327A,097,040,NULL,NULL,NULL,NULL,NQR,37,1,NULL,NULL,NULL,NULL,NULL,0,1,4449,NULL
1JMTNHV0327A,099,040,NULL,NULL,NULL,NULL,NQR,37,1,NULL,NULL,NULL,NULL,NULL,0,1,4449,NULL
1JMTNHV0327A,125,033,NULL,NULL,NULL,NULL,NQR,37,1,NULL,NULL,NULL,NULL,NULL,0,0,4449,NULL
1JMTNHV0327B,024,016,NULL,NULL,NULL,NULL,NQR,37,1,NULL,NULL,NULL,NULL,NULL,0,0,4450,NULL
1JMTNHV0327B,097,040,4390000122,NULL,NULL,NULL,NQR,37,1,NULL,NULL,NULL,NULL,NULL,1,1,4450,NULL
1JMTNHV0327B,099,040,4390000477,NULL,NULL,NULL,NQR,37,1,NULL,NULL,NULL,NULL,NULL,1,1,4450,NULL
1JMTNHV0327B,125,033,NULL,NULL,NULL,NULL,NQR,37,1,NULL,NULL,NULL,NULL,NULL,0,0,4450,NULL
1JMTNHV0327C,024,016,NULL,NULL,NULL,NULL,NQR,37,1,NULL,NULL,NULL,NULL,NULL,0,0,4451,NULL
1JMTNHV0327C,097,040,NULL,NULL,NULL,NULL,NQR,37,1,NULL,NULL,NULL,NULL,NULL,0,1,4451,NULL
1JMTNHV0327C,099,040,NULL,NULL,NULL,NULL,NQR,37,1,NULL,NULL,NULL,NULL,NULL,0,1,4451,NULL
1JMTNHV0327C,125,033,NULL,NULL,NULL,NULL,NQR,37,1,NULL,NULL,NULL,NULL,NULL,0,0,4451,NULL
1JMTNHV0327D,024,016,NULL,NULL,NULL,NULL,NQR,37,1,NULL,NULL,NULL,NULL,NULL,0,0,4452,NULL
1JMTNHV0327D,097,040,4390000122,NULL,NULL,NULL,NQR,37,1,NULL,NULL,NULL,NULL,NULL,1,1,4452,NULL
1JMTNHV0327D,099,040,4390000477,NULL,NULL,NULL,NQR,37,1,NULL,NULL,NULL,NULL,NULL,1,1,4452,NULL
1JMTNHV0327D,125,033,NULL,NULL,NULL,NULL,NQR,37,1,NULL,NULL,NULL,NULL,NULL,0,0,4452,NULL
1JMTNHV0327E,024,016,NULL,NULL,NULL,NULL,NQR,37,1,NULL,NULL,NULL,NULL,NULL,0,0,4453,NULL
1JMTNHV0327E,097,040,NULL,NULL,NULL,NULL,NQR,37,1,NULL,NULL,NULL,NULL,NULL,0,1,4453,NULL
1JMTNHV0327E,099,040,NULL,NULL,NULL,NULL,NQR,37,1,NULL,NULL,NULL,NULL,NULL,0,0,4453,NULL
1JMTNHV0327E,125,033,NULL,NULL,NULL,NULL,NQR,37,1,NULL,NULL,NULL,NULL,NULL,0,0,4453,NULL
1JMTNHV0327F,024,016,NULL,NULL,NULL,NULL,NQR,37,1,NULL,NULL,NULL,NULL,NULL,0,0,4454,NULL
1JMTNHV0327F,097,040,4390000122,NULL,NULL,NULL,NQR,37,1,NULL,NULL,NULL,NULL,NULL,1,1,4454,NULL
1JMTNHV0327F,099,040,4390000477,NULL,NULL,NULL,NQR,37,1,NULL,NULL,NULL,NULL,NULL,1,1,4454,NULL
1JMTNHV0327F,125,033,NULL,NULL,NULL,NULL,NQR,37,1,NULL,NULL,NULL,NULL,NULL,0,0,4454,NULL
1JMTNHV0327G,024,016,NULL,NULL,NULL,NULL,NQR,37,1,NULL,NULL,NULL,NULL,NULL,0,0,4455,NULL
1JMTNHV0327G,097,040,NULL,NULL,NULL,NULL,NQR,37,1,NULL,NULL,NULL,NULL,NULL,0,1,4455,NULL
1JMTNHV0327G,099,040,NULL,NULL,NULL,NULL,NQR,37,1,NULL,NULL,NULL,NULL,NULL,0,1,4455,NULL
1JMTNHV0327G,125,033,NULL,NULL,NULL,NULL,NQR,37,1,NULL,NULL,NULL,NULL,NULL,0,0,4455,NULL
1JMTNHV0327H,024,016,NULL,NULL,NULL,NULL,NQR,37,1,NULL,NULL,NULL,NULL,NULL,0,0,4456,NULL
1JMTNHV0327H,097,040,4390000122,NULL,NULL,NULL,NQR,37,1,NULL,NULL,NULL,NULL,NULL,1,1,4456,NULL
1JMTNHV0327H,099,040,4390000477,NULL,NULL,NULL,NQR,37,1,NULL,NULL,NULL,NULL,NULL,1,1,4456,NULL
1JMTNHV0327H,125,033,NULL,NULL,NULL,NULL,NQR,37,1,NULL,NULL,NULL,NULL,NULL,0,0,4456,NULL
1JMTNHV0328C,097,040,NULL,NULL,NULL,NULL,NQR,37,1,NULL,NULL,NULL,NULL,NULL,0,1,NULL,NULL
1JMTNHV0328D,097,040,NULL,NULL,NULL,NULL,NQR,37,1,NULL,NULL,NULL,NULL,NULL,0,1,NULL,NULL
1JMTNHV0329,002,066,43900122,NULL,NULL,NULL,NQR,37,1,NULL,NULL,NULL,NULL,NULL,0,1,NULL,NULL
1JMTNHV0329,097,040,43900122,NULL,NULL,NULL,NQR,37,1,NULL,NULL,NULL,NULL,NULL,0,1,NULL,NULL
1JMTNHV0329,098,067,43900094,NULL,NULL,NULL,NQR,37,1,NULL,NULL,NULL,NULL,NULL,0,1,NULL,NULL
1JMTNHV0329,098,092,43900122,NULL,NULL,NULL,NQR,37,1,NULL,NULL,NULL,NULL,NULL,0,1,NULL,NULL
1JMTNHV0329,099,040,43900094,NULL,NULL,NULL,NQR,37,1,NULL,NULL,NULL,NULL,NULL,0,1,NULL,NULL
1JMTNHV0329,125,033,43900687,NULL,NULL,NULL,NQR,37,1,NULL,NULL,NULL,NULL,NULL,0,1,NULL,NULL
1JMTNHV0329A,002,066,NULL,NULL,NULL,NULL,NQR,37,1,NULL,NULL,NULL,NULL,NULL,0,0,19112,NULL
1JMTNHV0329A,097,040,NULL,NULL,NULL,NULL,NQR,37,1,NULL,NULL,NULL,NULL,NULL,0,1,19112,NULL
1JMTNHV0329A,098,067,NULL,NULL,NULL,NULL,NQR,37,1,NULL,NULL,NULL,NULL,NULL,0,0,19112,NULL
1JMTNHV0329A,098,092,NULL,NULL,NULL,NULL,NQR,37,1,NULL,NULL,NULL,NULL,NULL,0,0,19112,NULL
1JMTNHV0329A,099,040,NULL,NULL,NULL,NULL,NQR,37,1,NULL,NULL,NULL,NULL,NULL,0,0,19112,NULL
1JMTNHV0329A,125,033,NULL,NULL,NULL,NULL,NQR,37,1,NULL,NULL,NULL,NULL,NULL,0,0,19112,NULL
1JMTNHV0329B,002,066,NULL,NULL,NULL,NULL,NQR,37,1,NULL,NULL,NULL,NULL,NULL,0,0,19115,NULL
1JMTNHV0329B,097,040,NULL,NULL,NULL,NULL,NQR,37,1,NULL,NULL,NULL,NULL,NULL,0,1,19115,NULL
1JMTNHV0329B,098,067,NULL,NULL,NULL,NULL,NQR,37,1,NULL,NULL,NULL,NULL,NULL,0,0,19115,NULL
1JMTNHV0329B,098,092,NULL,NULL,NULL,NULL,NQR,37,1,NULL,NULL,NULL,NULL,NULL,0,0,19115,NULL
1JMTNHV0329B,099,040,NULL,NULL,NULL,NULL,NQR,37,1,NULL,NULL,NULL,NULL,NULL,0,1,19115,NULL
1JMTNHV0329B,125,033,NULL,NULL,NULL,NULL,NQR,37,1,NULL,NULL,NULL,NULL,NULL,0,0,19115,NULL
1JMTNHV0329C,002,066,NULL,NULL,NULL,NULL,NQR,37,1,NULL,NULL,NULL,NULL,NULL,0,1,19122,NULL
1JMTNHV0329C,097,040,NULL,NULL,NULL,NULL,NQR,37,1,NULL,NULL,NULL,NULL,NULL,0,1,19122,NULL
1JMTNHV0329C,098,067,NULL,NULL,NULL,NULL,NQR,37,1,NULL,NULL,NULL,NULL,NULL,0,0,19122,NULL
1JMTNHV0329C,098,092,NULL,NULL,NULL,NULL,NQR,37,1,NULL,NULL,NULL,NULL,NULL,0,0,19122,NULL
1JMTNHV0329C,099,040,NULL,NULL,NULL,NULL,NQR,37,1,NULL,NULL,NULL,NULL,NULL,0,1,19122,NULL
1JMTNHV0329C,125,033,NULL,NULL,NULL,NULL,NQR,37,1,NULL,NULL,NULL,NULL,NULL,0,0,19122,NULL
1JMTNHV0329D,002,066,4390000122,NULL,NULL,NULL,NQR,37,1,NULL,NULL,NULL,NULL,NULL,1,1,24586,NULL
1JMTNHV0329D,097,040,4390000122,NULL,NULL,NULL,NQR,37,1,NULL,NULL,NULL,NULL,NULL,1,1,24586,NULL
1JMTNHV0329D,098,067,4390000094,NULL,NULL,NULL,NQR,37,1,NULL,NULL,NULL,NULL,NULL,1,0,24586,NULL
1JMTNHV0329D,098,092,NULL,NULL,NULL,NULL,NQR,37,1,NULL,NULL,NULL,NULL,NULL,0,0,24586,NULL
1JMTNHV0329D,099,040,NULL,NULL,NULL,NULL,NQR,37,1,NULL,NULL,NULL,NULL,NULL,0,1,24586,NULL
1JMTNHV0329D,125,033,NULL,NULL,NULL,NULL,NQR,37,1,NULL,NULL,NULL,NULL,NULL,0,0,24586,NULL
1JMTNHV0330B,097,040,NULL,NULL,NULL,NULL,NQR,37,1,NULL,NULL,NULL,NULL,NULL,0,1,NULL,NULL
1JMTNHV0330C,097,040,NULL,NULL,NULL,NULL,NQR,37,1,NULL,NULL,NULL,NULL,NULL,0,1,NULL,NULL
1JMTNHV0374,024,016,43900122,NULL,NULL,NULL,NQR,37,1,NULL,NULL,NULL,NULL,NULL,0,1,4457,NULL
1JMTNHV0374,097,040,43900122,NULL,NULL,NULL,NQR,37,1,NULL,NULL,NULL,NULL,NULL,0,1,4457,NULL
1JMTNHV0374,099,040,43900477,NULL,NULL,NULL,NQR,37,1,NULL,NULL,NULL,NULL,NULL,0,1,4457,NULL
1JMTNHV0374,125,033,43900687,NULL,NULL,NULL,NQR,37,1,NULL,NULL,NULL,NULL,NULL,0,1,4457,NULL
1JMTNHV0375,097,040,NULL,NULL,NULL,NULL,NQR,37,1,NULL,NULL,NULL,NULL,NULL,1,1,4458,NULL
1JMTNHV0375,099,040,NULL,NULL,NULL,NULL,NQR,37,1,NULL,NULL,NULL,NULL,NULL,1,1,4458,NULL
1JMTNHV0375,125,033,43900687,NULL,NULL,NULL,NQR,37,1,NULL,NULL,NULL,NULL,NULL,0,1,4458,NULL
1JMTNHV0376,024,016,43900122,NULL,NULL,NULL,NQR,37,1,NULL,NULL,NULL,NULL,NULL,0,1,4459,NULL
1JMTNHV0376,097,040,4390000122,NULL,NULL,NULL,NQR,37,1,NULL,NULL,NULL,NULL,NULL,1,1,4459,NULL
1JMTNHV0376,099,040,4390000477,NULL,NULL,NULL,NQR,37,1,NULL,NULL,NULL,NULL,NULL,1,1,4459,NULL
1JMTNHV0376,125,033,43900687,NULL,NULL,NULL,NQR,37,1,NULL,NULL,NULL,NULL,NULL,0,1,4459,NULL
1JMTNHV0377,024,016,43900122,NULL,NULL,NULL,NQR,37,1,NULL,NULL,NULL,NULL,NULL,0,1,4460,NULL
1JMTNHV0377,097,040,43900122,NULL,NULL,NULL,NQR,37,1,NULL,NULL,NULL,NULL,NULL,0,1,4460,NULL
1JMTNHV0377,099,040,43900477,NULL,NULL,NULL,NQR,37,1,NULL,NULL,NULL,NULL,NULL,0,1,4460,NULL
1JMTNHV0377,125,033,43900687,NULL,NULL,NULL,NQR,37,1,NULL,NULL,NULL,NULL,NULL,0,1,4460,NULL
1JMTNHV0380,024,016,43900122,NULL,NULL,NULL,NQR,37,1,NULL,NULL,NULL,NULL,NULL,0,1,4461,NULL
1JMTNHV0380,097,040,43900122,NULL,NULL,NULL,NQR,37,1,NULL,NULL,NULL,NULL,NULL,0,1,4461,NULL
1JMTNHV0380,099,040,43900477,NULL,NULL,NULL,NQR,37,1,NULL,NULL,NULL,NULL,NULL,0,1,4461,NULL
1JMTNHV0380,125,033,43900687,NULL,NULL,NULL,NQR,37,1,NULL,NULL,NULL,NULL,NULL,0,1,4461,NULL
1JMTNHV0381,024,016,43900122,NULL,NULL,NULL,NQR,37,1,NULL,NULL,NULL,NULL,NULL,0,1,4462,NULL
1JMTNHV0381,097,040,43900122,NULL,NULL,NULL,NQR,37,1,NULL,NULL,NULL,NULL,NULL,0,1,4462,NULL
1JMTNHV0381,099,040,43900477,NULL,NULL,NULL,NQR,37,1,NULL,NULL,NULL,NULL,NULL,0,1,4462,NULL
1JMTNHV0381,125,033,43900687,NULL,NULL,NULL,NQR,37,1,NULL,NULL,NULL,NULL,NULL,0,1,4462,NULL
1JMTNHV0388,024,016,43900122,NULL,NULL,NULL,NQR,37,1,NULL,NULL,NULL,NULL,NULL,0,1,NULL,NULL
1JMTNHV0388,125,033,43900687,NULL,NULL,NULL,NQR,37,1,NULL,NULL,NULL,NULL,NULL,0,1,NULL,NULL
1JMTNHV0388A,002,066,NULL,NULL,NULL,NULL,NQR,37,1,NULL,NULL,NULL,NULL,NULL,1,1,NULL,NULL
1JMTNHV0388A,024,016,NULL,NULL,NULL,NULL,NQR,37,1,NULL,NULL,NULL,NULL,NULL,0,0,4463,NULL
1JMTNHV0388A,097,040,NULL,NULL,NULL,NULL,NQR,37,1,NULL,NULL,NULL,NULL,NULL,1,1,4463,NULL
1JMTNHV0388A,099,040,NULL,NULL,NULL,NULL,NQR,37,1,NULL,NULL,NULL,NULL,NULL,1,1,4463,NULL
1JMTNHV0388A,125,033,NULL,NULL,NULL,NULL,NQR,37,1,NULL,NULL,NULL,NULL,NULL,0,0,4463,NULL
1JMTNHV0388B,002,066,NULL,NULL,NULL,NULL,NQR,37,1,NULL,NULL,NULL,NULL,NULL,1,1,NULL,NULL
1JMTNHV0388B,024,016,NULL,NULL,NULL,NULL,NQR,37,1,NULL,NULL,NULL,NULL,NULL,0,0,4464,NULL
1JMTNHV0388B,097,040,NULL,NULL,NULL,NULL,NQR,37,1,NULL,NULL,NULL,NULL,NULL,1,1,4464,NULL
1JSGAHC0179,94,107,00116702,NULL,NULL,NULL,Q,NULL,NULL,NULL,NULL,NULL,NULL,NULL,NULL,NULL,10665,INDETERMINATE LUBRICANT
1JSGAHV0184,94,107,NULL,NULL,NULL,NULL,Q,NULL,NULL,NULL,NULL,NULL,NULL,NULL,NULL,NULL,17569,INDETERMINATE LUBRICANT
1JSGAUV0134A,002,066,00065243,NULL,NULL,NULL,Q,NULL,NULL,NULL,NULL,NULL,NULL,NULL,NULL,NULL,235587,NULL
1JSGAUV0134A,097,040,00065243,NULL,NULL,NULL,Q,NULL,NULL,NULL,NULL,NULL,NULL,NULL,NULL,NULL,235587,NULL
1JSGAUV0164A,099,040,00065243,NULL,NULL,NULL,Q,NULL,NULL,NULL,NULL,NULL,NULL,NULL,NULL,NULL,235587,NULL
1JSGEHV0047,097,040,65243,NULL,NULL,NULL,QAG,NULL,NULL,NULL,NULL,NULL,NULL,NULL,NULL,NULL,33572,NULL
1JSGEHV0047,099,040,65243,NULL,NULL,NULL,QAG,NULL,NULL,NULL,NULL,NULL,NULL,NULL,NULL,NULL,33572,NULL
1JSGEHV0048,002,066,65243,NULL,NULL,NULL,QAG,NULL,NULL,NULL,NULL,NULL,NULL,NULL,NULL,NULL,33573,NULL
1JSGEHV0048,097,040,65243,NULL,NULL,NULL,QAG,NULL,NULL,NULL,NULL,NULL,NULL,NULL,NULL,NULL,33573,NULL
1JSGEHV0048,099,040,65243,NULL,NULL,NULL,QAG,NULL,NULL,NULL,NULL,NULL,NULL,NULL,NULL,NULL,33573,NULL
1JSGNHV0005,125,033,43900687,NULL,NULL,NULL,NQR,NULL,NULL,NULL,NULL,NULL,NULL,NULL,NULL,NULL,71339,NULL
1JZCNE0202,159,007,NULL,NULL,NULL,NULL,NQR,NULL,NULL,NULL,NULL,NULL,NULL,NULL,NULL,NULL,52767,NULL
1MCDNP01B,002,004,43900066,NULL,NULL,NULL,NQR,NULL,NULL,NULL,NULL,NULL,NULL,NULL,NULL,NULL,8646,NULL
1MCHAP01,002,001,43600066,NULL,NULL,NULL,Q,NULL,NULL,NULL,NULL,NULL,NULL,NULL,NULL,NULL,33237,NULL
1MCHAP01,002,002,43900066,NULL,NULL,NULL,Q,NULL,NULL,NULL,NULL,NULL,NULL,NULL,NULL,NULL,33237,NULL
1MCHNP02A,001,009,43900158,NULL,NULL,NULL,Q,NULL,NULL,NULL,NULL,NULL,NULL,NULL,NULL,NULL,18953,NULL
1MCONF04A,027,009,NULL,NULL,NULL,NULL,NQR,NULL,NULL,NULL,NULL,NULL,NULL,NULL,NULL,NULL,70780,NULL
1MCTAP01,001,063,43900077,NULL,NULL,NULL,Q,NULL,NULL,NULL,NULL,NULL,NULL,NULL,NULL,NULL,20691,NULL
1MCWNA01A,002,001,43900066,NULL,NULL,NULL,NQR,NULL,NULL,NULL,NULL,NULL,NULL,NULL,NULL,NULL,19236,NULL
1MDGAH01,161,009,43900072,NULL,NULL,NULL,Q,NULL,NULL,NULL,NULL,NULL,NULL,NULL,NULL,NULL,53092,"Sample # 36098.  This sample was from the wharehouse spare.  Not unit 1. 		"
1MDGBH01,162,009,43900072,NULL,NULL,NULL,Q,NULL,NULL,NULL,NULL,NULL,NULL,NULL,NULL,NULL,27400,NULL
1MECAP01,001,063,43900077,NULL,NULL,NULL,Q,NULL,NULL,NULL,NULL,NULL,NULL,NULL,1,1,37912,NULL
1MECBP01,001,063,43900077,NULL,NULL,NULL,Q,NULL,NULL,NULL,NULL,NULL,NULL,NULL,NULL,NULL,41920,NULL
1MIANC01C,003,009,00061263,NULL,NULL,NULL,NQR,NULL,NULL,NULL,NULL,NULL,NULL,NULL,NULL,NULL,10235,NULL
1MLONF01,027,009,NULL,NULL,NULL,NULL,NQR,NULL,NULL,NULL,NULL,NULL,NULL,NULL,NULL,NULL,231546,NULL
1MLONF02B,027,009,NULL,NULL,NULL,NULL,NQR,NULL,NULL,NULL,NULL,NULL,NULL,NULL,NULL,NULL,17122,NULL
1MLONF03A,027,009,NULL,NULL,NULL,NULL,NQR,NULL,NULL,NULL,NULL,NULL,NULL,NULL,NULL,NULL,232323,NULL
1MLONJ02A,141,063,43900008,NULL,NULL,NULL,NQR,NULL,NULL,NULL,NULL,NULL,NULL,NULL,NULL,NULL,46415,NULL
1MLONJ02A,142,063,43900008,NULL,NULL,NULL,NQR,NULL,NULL,NULL,NULL,NULL,NULL,NULL,NULL,NULL,49415,NULL
1MLONJ02B,142,063,43900008,NULL,NULL,NULL,NQR,NULL,NULL,NULL,NULL,NULL,NULL,NULL,NULL,NULL,46416,NULL
1MMTNR01,002,003,NULL,NULL,NULL,NULL,NQR,37,1,NULL,NULL,NULL,NULL,NULL,0,1,49417,NULL
1MMTNR01,002,004,NULL,NULL,NULL,NULL,NQR,37,1,NULL,NULL,NULL,NULL,NULL,0,1,49417,NULL
1MZCNG11,321,107,43900903,NULL,NULL,NULL,QAG,NULL,NULL,NULL,NULL,NULL,NULL,NULL,NULL,NULL,34493,NULL
1MZCNG12,321,107,43900903,NULL,NULL,NULL,QAG,NULL,NULL,NULL,NULL,NULL,NULL,NULL,NULL,NULL,34494,NULL
1MZFNG01,033,050,43900151,NULL,NULL,NULL,QAG,NULL,NULL,NULL,NULL,NULL,NULL,NULL,NULL,NULL,49421,NULL
1MZFNG01,033,145,43900151,NULL,NULL,NULL,Q,NULL,NULL,NULL,NULL,NULL,NULL,NULL,NULL,NULL,49421,NULL
1MZFNG01,054,030,43900151,NULL,NULL,NULL,QAG,NULL,NULL,NULL,NULL,NULL,NULL,NULL,NULL,NULL,52719,NULL
1MZFNG03,107,107,43900155,NULL,NULL,NULL,QAG,NULL,NULL,NULL,NULL,NULL,NULL,NULL,NULL,NULL,52735,NULL
1NGRNC01B,003,006,43900076,NULL,NULL,NULL,QAG,NULL,NULL,NULL,NULL,NULL,NULL,NULL,NULL,NULL,27024,NULL
1NLRNP08,001,036,43900079,NULL,NULL,NULL,QAG,NULL,NULL,NULL,NULL,NULL,NULL,NULL,NULL,NULL,30550,NULL
1NSRNG01,034,047,43900808,NULL,NULL,NULL,NQR,NULL,NULL,7446-01-01 00:00:00.000,NULL,NULL,NULL,NULL,NULL,NULL,NULL,NULL
2JCPAUV0002B,103,040,00065243,NULL,NULL,NULL,Q,NULL,NULL,NULL,NULL,NULL,NULL,NULL,NULL,NULL,5329,NULL
2JLONPI0071,027,125,00069387,NULL,NULL,NULL,NQR,NULL,NULL,NULL,NULL,NULL,NULL,NULL,NULL,NULL,97307,NULL
2JSGAUV0134A,002,066,00065243,NULL,NULL,NULL,Q,NULL,NULL,NULL,NULL,NULL,NULL,NULL,NULL,NULL,235588,NULL
2JSGAUV0134A,097,040,00065243,NULL,NULL,NULL,Q,NULL,NULL,NULL,NULL,NULL,NULL,NULL,NULL,NULL,235588,NULL
2JSGAUV0138A,002,066,00065243,NULL,NULL,NULL,Q,NULL,NULL,NULL,NULL,NULL,NULL,NULL,NULL,NULL,235590,NULL
2JSGAUV0138A,097,040,00065243,NULL,NULL,NULL,Q,NULL,NULL,NULL,NULL,NULL,NULL,NULL,NULL,NULL,235590,NULL
2JSGAUV0314A,002,066,00065243,NULL,NULL,NULL,Q,NULL,NULL,NULL,NULL,NULL,NULL,NULL,NULL,NULL,235588,NULL
2JSGAUV0314A,099,040,00065243,NULL,NULL,NULL,Q,NULL,NULL,NULL,NULL,NULL,NULL,NULL,NULL,NULL,235588,NULL
2JSGEHV0047,002,066,65243,NULL,NULL,NULL,QAG,NULL,NULL,NULL,NULL,NULL,NULL,NULL,NULL,NULL,8026,NULL
2JSGEHV0047,097,040,65243,NULL,NULL,NULL,QAG,NULL,NULL,NULL,NULL,NULL,NULL,NULL,NULL,NULL,8026,NULL
2JSGEHV0047,099,040,65243,NULL,NULL,NULL,QAG,NULL,NULL,NULL,NULL,NULL,NULL,NULL,NULL,NULL,8026,NULL
2JSGEHV0048,002,066,65243,NULL,NULL,NULL,QAG,NULL,NULL,NULL,NULL,NULL,NULL,NULL,NULL,NULL,7845,NULL
2JSGEHV0048,097,040,65243,NULL,NULL,NULL,QAG,NULL,NULL,NULL,NULL,NULL,NULL,NULL,NULL,NULL,7845,NULL
2JSGEHV0048,099,040,65243,NULL,NULL,NULL,QAG,NULL,NULL,NULL,NULL,NULL,NULL,NULL,NULL,NULL,7845,NULL
2JSIBUV0668,002,066,65243,NULL,NULL,NULL,Q,NULL,NULL,NULL,NULL,NULL,NULL,NULL,NULL,NULL,4381,NULL
2JZCNE0201,159,007,43900156,NULL,NULL,NULL,NQR,NULL,NULL,NULL,NULL,NULL,NULL,NULL,NULL,NULL,18112,NULL
2JZCNE0202,159,007,43900156,NULL,NULL,NULL,NQR,NULL,NULL,NULL,NULL,NULL,NULL,NULL,NULL,NULL,52788,NULL
2MARNP01A,001,026,43900808,NULL,NULL,NULL,NQR,NULL,NULL,NULL,NULL,NULL,NULL,NULL,NULL,NULL,17433,NULL
2MCHAP01,001,012,76094,NULL,NULL,NULL,Q,NULL,NULL,NULL,NULL,NULL,NULL,NULL,NULL,NULL,20376,NULL
2MCHNP02A,001,009,43900158,NULL,NULL,NULL,Q,NULL,NULL,NULL,NULL,NULL,NULL,NULL,NULL,NULL,16781,NULL
2MCHNP03A,001,009,43900158,NULL,NULL,NULL,NQR,NULL,NULL,NULL,NULL,NULL,NULL,NULL,NULL,NULL,16782,NULL
2MCHNP03B,001,009,43900158,NULL,NULL,NULL,NQR,NULL,NULL,NULL,NULL,NULL,NULL,NULL,NULL,NULL,16783,NULL
2MCHNP04A,001,009,43900158,NULL,NULL,NULL,Q,NULL,NULL,NULL,NULL,NULL,NULL,NULL,NULL,NULL,23199,NULL
2MCONP01A,001,063,43900124,NULL,NULL,NULL,NQR,NULL,NULL,NULL,NULL,NULL,NULL,NULL,NULL,NULL,19706,NULL
2MCONP01B,001,063,43900124,NULL,NULL,NULL,NQR,NULL,NULL,NULL,NULL,NULL,NULL,NULL,NULL,NULL,39252,NULL
2MCWNA01A,002,001,43900066,NULL,NULL,NULL,NQR,NULL,NULL,NULL,NULL,NULL,NULL,NULL,NULL,NULL,37067,NULL
2MCWNA01A,002,002,43900066,NULL,NULL,NULL,NQR,NULL,NULL,NULL,NULL,NULL,NULL,NULL,NULL,NULL,37067,NULL
2MCWNA01B,002,002,43900066,NULL,NULL,NULL,NQR,NULL,NULL,NULL,NULL,NULL,NULL,NULL,NULL,NULL,37069,NULL
2MCWNA01C,002,001,43900066,NULL,NULL,NULL,NQR,NULL,NULL,NULL,NULL,NULL,NULL,NULL,NULL,NULL,37071,NULL
2MCWNA01F,002,002,43900066,NULL,NULL,NULL,NQR,NULL,NULL,NULL,NULL,NULL,NULL,NULL,NULL,NULL,37077,NULL
2MCWNA01G,002,001,43900066,NULL,NULL,NULL,NQR,NULL,NULL,NULL,NULL,NULL,NULL,NULL,NULL,NULL,37282,NULL
2MCWNA01G,002,002,43900066,NULL,NULL,NULL,NQR,NULL,NULL,NULL,NULL,NULL,NULL,NULL,NULL,NULL,37282,NULL
2MCWNA01I,002,001,43900066,NULL,NULL,NULL,NQR,NULL,NULL,NULL,NULL,NULL,NULL,NULL,NULL,NULL,37286,NULL
2MCWNA01I,002,002,43900066,NULL,NULL,NULL,NQR,NULL,NULL,NULL,NULL,NULL,NULL,NULL,NULL,NULL,37286,NULL
2MCWNA01J,002,001,43900066,NULL,NULL,NULL,NQR,NULL,NULL,NULL,NULL,NULL,NULL,NULL,NULL,NULL,37288,NULL
2MCWNA01J,002,002,43900066,NULL,NULL,NULL,NQR,NULL,NULL,NULL,NULL,NULL,NULL,NULL,NULL,NULL,37288,NULL
2MCWNA01L,002,002,43900066,NULL,NULL,NULL,NQR,NULL,NULL,NULL,NULL,NULL,NULL,NULL,NULL,NULL,37292,NULL
2MCWNA01O,002,001,43900066,NULL,NULL,NULL,NQR,NULL,NULL,NULL,NULL,NULL,NULL,NULL,NULL,NULL,37083,NULL
2MCWNA01O,002,002,43900066,NULL,NULL,NULL,NQR,NULL,NULL,NULL,NULL,NULL,NULL,NULL,NULL,NULL,37083,NULL
2MCWNA03I,002,001,43900066,NULL,NULL,NULL,NQR,NULL,NULL,NULL,NULL,NULL,NULL,NULL,NULL,NULL,37131,NULL
2MCWNA03I,002,002,43900066,NULL,NULL,NULL,NQR,NULL,NULL,NULL,NULL,NULL,NULL,NULL,NULL,NULL,37131,NULL
2MDGBH01,162,009,43900072,NULL,NULL,NULL,Q,NULL,NULL,NULL,NULL,NULL,NULL,NULL,NULL,NULL,27400,NULL
2MECAP01,001,063,43900077,NULL,NULL,NULL,Q,NULL,NULL,NULL,NULL,NULL,NULL,NULL,1,1,40759,NULL
2MECBE01,027,009,NULL,NULL,NULL,NULL,Q,NULL,NULL,NULL,NULL,NULL,NULL,NULL,NULL,NULL,33806,NULL
2MECBP01,001,063,43900077,NULL,NULL,NULL,Q,NULL,NULL,NULL,NULL,NULL,NULL,NULL,NULL,NULL,40073,NULL
2MFTNK01B,004,019,69387,NULL,NULL,NULL,NQR,NULL,NULL,NULL,NULL,NULL,NULL,NULL,NULL,NULL,9011,NULL
2MLONJ02A,141,063,43900008,NULL,NULL,NULL,NQR,NULL,NULL,NULL,NULL,NULL,NULL,NULL,NULL,NULL,48608,NULL
2MLONJ02B,141,063,43900008,NULL,NULL,NULL,NQR,NULL,NULL,NULL,NULL,NULL,NULL,NULL,NULL,NULL,75407,NULL
2MMTNR01,002,216,43900066,NULL,NULL,NULL,NQR,NULL,NULL,NULL,NULL,NULL,NULL,NULL,NULL,NULL,23147,NULL
2MOSNF01,027,009,NULL,NULL,NULL,NULL,NQR,NULL,NULL,NULL,NULL,NULL,NULL,NULL,NULL,NULL,18934,NULL
2MOSNF02,027,009,NULL,NULL,NULL,NULL,NQR,NULL,NULL,NULL,NULL,NULL,NULL,NULL,NULL,NULL,23604,NULL
2MSCNP032,001,006,43900151,NULL,NULL,NULL,NQR,NULL,NULL,NULL,NULL,NULL,NULL,NULL,NULL,NULL,500267,NULL
2MSPNP01B,001,009,NULL,NULL,NULL,NULL,NQR,37,1,NULL,NULL,NULL,NULL,NULL,0,1,23178,NULL
2MWCNE01B,027,009,NULL,NULL,NULL,NULL,NQR,NULL,NULL,NULL,NULL,NULL,NULL,NULL,NULL,NULL,31384,NULL
2MZFNG01,033,145,43900151,NULL,NULL,NULL,QAG,NULL,NULL,NULL,NULL,NULL,NULL,NULL,NULL,NULL,52724,NULL
2MZFNG01,052,204,43900151,NULL,NULL,NULL,QAG,NULL,NULL,NULL,NULL,NULL,NULL,NULL,NULL,NULL,52723,NULL
2MZFNG01,144,189,78489,NULL,NULL,NULL,QAG,NULL,NULL,NULL,NULL,NULL,NULL,NULL,NULL,NULL,20303,NULL
2MZFNG02,260,007,43900152,NULL,NULL,NULL,QAG,NULL,NULL,NULL,NULL,NULL,NULL,NULL,NULL,NULL,10098,NULL
2MZFNG03,107,107,43900155,NULL,NULL,NULL,QAG,NULL,NULL,NULL,NULL,NULL,NULL,NULL,NULL,NULL,52736,NULL
2NLRNP01A,001,036,43900158,NULL,NULL,NULL,QAG,NULL,NULL,NULL,NULL,NULL,NULL,NULL,NULL,NULL,14267,NULL
2NLRNP01C,001,036,43900158,NULL,NULL,NULL,QAG,NULL,NULL,NULL,NULL,NULL,NULL,NULL,NULL,NULL,14269,NULL
3JAFCUV0036,002,066,4390000122,NULL,NULL,NULL,Q,37,1,NULL,NULL,NULL,NULL,NULL,1,1,5540,NULL
3JAFCUV0036,097,040,4390000122,NULL,NULL,NULL,Q,37,1,NULL,NULL,NULL,NULL,NULL,1,1,5540,NULL
3JAFCUV0036,098,067,43900094,NULL,NULL,NULL,Q,37,1,NULL,NULL,NULL,NULL,NULL,0,1,5540,NULL
3JAFCUV0036,098,092,43900122,NULL,NULL,NULL,Q,37,1,NULL,NULL,NULL,NULL,NULL,0,1,5540,NULL
3JAFCUV0036,099,040,4390000094,NULL,NULL,NULL,Q,37,1,NULL,NULL,NULL,NULL,NULL,1,1,5540,NULL
3JAFCUV0036,125,033,43900687,NULL,NULL,NULL,Q,37,1,NULL,NULL,NULL,NULL,NULL,0,1,5540,NULL
3JAFNHV0095,097,040,NULL,NULL,NULL,NULL,QAG,37,1,NULL,NULL,NULL,NULL,NULL,0,1,29884,NULL
3JCDNHV0001,097,040,43900086,NULL,NULL,NULL,NQR,37,1,NULL,NULL,NULL,NULL,NULL,0,1,9027,NULL
3JCDNHV0001,099,040,43900477,NULL,NULL,NULL,NQR,37,1,NULL,NULL,NULL,NULL,NULL,0,1,9027,NULL
3JCDNHV0001,101,069,43900808,NULL,NULL,NULL,NQR,37,1,NULL,NULL,NULL,NULL,NULL,0,1,9027,NULL
3JCDNHV0001,125,033,43900687,NULL,NULL,NULL,NQR,37,1,NULL,NULL,NULL,NULL,NULL,0,1,9027,NULL
3JCDNHV0001,207,212,NULL,NULL,NULL,NULL,NQR,37,1,NULL,NULL,NULL,NULL,NULL,0,1,9027,NULL
3JCDNHV0002,097,040,43900086,NULL,NULL,NULL,NQR,37,1,NULL,NULL,NULL,NULL,NULL,0,1,9031,NULL
3JCDNHV0002,099,040,43900477,NULL,NULL,NULL,NQR,37,1,NULL,NULL,NULL,NULL,NULL,0,1,9031,NULL
3JCDNHV0002,101,069,43900808,NULL,NULL,NULL,NQR,37,1,NULL,NULL,NULL,NULL,NULL,0,1,9031,NULL
3JCDNHV0002,125,033,43900687,NULL,NULL,NULL,NQR,37,1,NULL,NULL,NULL,NULL,NULL,0,1,9031,NULL
3JCDNHV0002,207,212,NULL,NULL,NULL,NULL,NQR,37,1,NULL,NULL,NULL,NULL,NULL,0,1,9031,NULL
3JCDNHV0029,097,040,43900150,NULL,NULL,NULL,NQR,NULL,NULL,NULL,NULL,NULL,NULL,NULL,NULL,NULL,27496,NULL
3JCDNHV0030,097,040,NULL,NULL,NULL,NULL,NQR,37,1,NULL,NULL,NULL,NULL,NULL,0,1,10478,NULL
3JCDNHV0031,097,040,NULL,NULL,NULL,NULL,NQR,37,1,NULL,NULL,NULL,NULL,NULL,0,1,6029,NULL
3JCDNHV0032,097,040,NULL,NULL,NULL,NULL,NQR,37,1,NULL,NULL,NULL,NULL,NULL,1,1,29885,NULL
3JCDNHV0033,097,040,NULL,NULL,NULL,NULL,NQR,37,1,NULL,NULL,NULL,NULL,NULL,1,1,29886,NULL
3JCDNHV0191,097,040,NULL,NULL,NULL,NULL,NQR,37,1,NULL,NULL,NULL,NULL,NULL,0,1,29887,NULL
3JNCBUV0401,098,092,NULL,NULL,NULL,NULL,Q,37,1,NULL,NULL,NULL,NULL,NULL,1,0,12474,NULL
3JNCBUV0401,099,040,43900094,NULL,NULL,NULL,Q,37,1,NULL,NULL,NULL,NULL,NULL,0,1,12474,NULL
3JNCBUV0401,125,033,43900687,NULL,NULL,NULL,Q,37,1,NULL,NULL,NULL,NULL,NULL,0,1,12474,NULL
3JNCBUV0403,002,066,NULL,NULL,NULL,NULL,Q,37,1,NULL,NULL,NULL,NULL,NULL,1,1,12476,NULL
3JNCBUV0403,097,040,NULL,NULL,NULL,NULL,Q,37,1,NULL,NULL,NULL,NULL,NULL,1,1,12476,NULL
3JNCBUV0403,098,067,43900094,NULL,NULL,NULL,Q,37,1,NULL,NULL,NULL,NULL,NULL,0,1,12476,NULL
3JNCBUV0403,098,092,43900122,NULL,NULL,NULL,Q,37,1,NULL,NULL,NULL,NULL,NULL,0,1,12476,NULL
3JNCBUV0403,099,040,NULL,NULL,NULL,NULL,Q,37,1,NULL,NULL,NULL,NULL,NULL,1,1,12476,NULL
3JNCBUV0403,103,069,NULL,NULL,NULL,NULL,Q,37,1,NULL,NULL,NULL,NULL,NULL,1,0,NULL,NULL
3JNCBUV0403,125,033,43900687,NULL,NULL,NULL,Q,37,1,NULL,NULL,NULL,NULL,NULL,0,1,12476,NULL
3JNCNHV0485,097,040,NULL,NULL,NULL,NULL,NQR,37,1,NULL,NULL,NULL,NULL,NULL,0,1,29923,NULL
3JNCNHV0486,097,040,NULL,NULL,NULL,NULL,NQR,37,1,NULL,NULL,NULL,NULL,NULL,0,1,29924,NULL
3JNCNUV0099,097,040,43900086,NULL,NULL,NULL,NQR,37,1,NULL,NULL,NULL,NULL,NULL,0,1,29925,NULL
3JNCNUV0099,099,040,43900477,NULL,NULL,NULL,NQR,37,1,NULL,NULL,NULL,NULL,NULL,0,1,29925,NULL
3JNCNUV0099,101,069,43900808,NULL,NULL,NULL,NQR,37,1,NULL,NULL,NULL,NULL,NULL,0,1,29925,NULL
3JNCNUV0099,125,033,43900687,NULL,NULL,NULL,NQR,37,1,NULL,NULL,NULL,NULL,NULL,0,1,29925,NULL
3JNCNUV0103,097,040,43900086,NULL,NULL,NULL,NQR,37,1,NULL,NULL,NULL,NULL,NULL,0,1,24117,NULL
3JNCNUV0103,099,040,43900477,NULL,NULL,NULL,NQR,37,1,NULL,NULL,NULL,NULL,NULL,0,1,24117,NULL
3JNCNUV0103,101,069,43900808,NULL,NULL,NULL,NQR,37,1,NULL,NULL,NULL,NULL,NULL,0,1,24117,NULL
3JNCNUV0103,125,033,43900687,NULL,NULL,NULL,NQR,37,1,NULL,NULL,NULL,NULL,NULL,0,1,24117,NULL
3JNCNUV0104,097,040,43900086,NULL,NULL,NULL,NQR,37,1,NULL,NULL,NULL,NULL,NULL,0,1,31123,NULL
3JNCNUV0104,099,040,43900477,NULL,NULL,NULL,NQR,37,1,NULL,NULL,NULL,NULL,NULL,0,1,31123,NULL
3JNCNUV0104,101,069,43900808,NULL,NULL,NULL,NQR,37,1,NULL,NULL,NULL,NULL,NULL,0,1,31123,NULL
3JNCNUV0104,125,033,43900687,NULL,NULL,NULL,NQR,37,1,NULL,NULL,NULL,NULL,NULL,0,1,31123,NULL
3JNCNUV0105,097,040,43900086,NULL,NULL,NULL,NQR,37,1,NULL,NULL,NULL,NULL,NULL,0,1,31124,NULL
3JNCNUV0105,099,040,43900477,NULL,NULL,NULL,NQR,37,1,NULL,NULL,NULL,NULL,NULL,0,1,31124,NULL
3JNCNUV0105,101,069,NULL,NULL,NULL,NULL,NQR,37,1,NULL,NULL,NULL,NULL,NULL,1,0,31124,NULL
3JNCNUV0105,125,033,43900687,NULL,NULL,NULL,NQR,37,1,NULL,NULL,NULL,NULL,NULL,0,1,31124,NULL
3JNCNUV0607,097,040,NULL,NULL,NULL,NULL,NQR,37,1,NULL,NULL,NULL,NULL,NULL,1,1,16953,NULL
3JNCNUV0607,099,040,43900477,NULL,NULL,NULL,NQR,37,1,NULL,NULL,NULL,NULL,NULL,0,1,16953,NULL
3JNCNUV0607,101,069,NULL,NULL,NULL,NULL,NQR,37,1,NULL,NULL,NULL,NULL,NULL,1,0,16953,NULL
3JNCNUV0607,125,033,43900687,NULL,NULL,NULL,NQR,37,1,NULL,NULL,NULL,NULL,NULL,0,1,16953,NULL
3JRCEHV0430,024,016,43900122,NULL,NULL,NULL,QAG,37,1,NULL,NULL,NULL,NULL,NULL,0,1,4382,NULL
3JRCEHV0430,097,040,NULL,NULL,NULL,NULL,Q,37,1,NULL,NULL,NULL,NULL,NULL,1,1,4382,NULL
3JRCEHV0430,099,040,NULL,NULL,NULL,NULL,Q,37,1,NULL,NULL,NULL,NULL,NULL,1,1,4382,NULL
3JRCEHV0430,125,033,43900687,NULL,NULL,NULL,QAG,37,1,NULL,NULL,NULL,NULL,NULL,0,1,4382,NULL
3JRCEHV0431,024,016,43900122,NULL,NULL,NULL,QAG,37,1,NULL,NULL,NULL,NULL,NULL,0,1,4383,NULL
3JRCEHV0431,097,040,NULL,NULL,NULL,NULL,Q,37,1,NULL,NULL,NULL,NULL,NULL,1,1,4383,NULL
3JRCEHV0431,099,040,NULL,NULL,NULL,NULL,Q,37,1,NULL,NULL,NULL,NULL,NULL,1,1,4383,NULL
3JRCEHV0431,125,033,43900687,NULL,NULL,NULL,QAG,37,1,NULL,NULL,NULL,NULL,NULL,0,1,4383,NULL
3JRCEHV0432,024,016,43900122,NULL,NULL,NULL,QAG,37,1,NULL,NULL,NULL,NULL,NULL,0,1,4384,NULL
3JRCEHV0432,097,040,43900122,NULL,NULL,NULL,QAG,37,1,NULL,NULL,NULL,NULL,NULL,0,1,4384,NULL
3JRCEHV0432,099,040,43900477,NULL,NULL,NULL,QAG,37,1,NULL,NULL,NULL,NULL,NULL,0,1,4384,NULL
3JRCEHV0432,125,033,43900687,NULL,NULL,NULL,QAG,37,1,NULL,NULL,NULL,NULL,NULL,0,1,4384,NULL
3JRCEHV0433,024,016,43900122,NULL,NULL,NULL,QAG,37,1,NULL,NULL,NULL,NULL,NULL,0,1,1848,NULL
3JRCEHV0433,097,040,NULL,NULL,NULL,NULL,Q,37,1,NULL,NULL,NULL,NULL,NULL,1,1,1848,NULL
3JRCEHV0433,099,040,NULL,NULL,NULL,NULL,Q,37,1,NULL,NULL,NULL,NULL,NULL,1,1,1848,NULL
3JRCEHV0433,125,033,43900687,NULL,NULL,NULL,QAG,37,1,NULL,NULL,NULL,NULL,NULL,0,1,1848,NULL
3JRCHV0452,002,066,NULL,NULL,NULL,NULL,Q,37,1,NULL,NULL,NULL,NULL,NULL,1,1,NULL,NULL
3JRCNHV0446,002,066,NULL,NULL,NULL,NULL,Q,37,1,NULL,NULL,NULL,NULL,NULL,1,1,29926,NULL
3JRCNHV0446,097,040,NULL,NULL,NULL,NULL,Q,37,1,NULL,NULL,NULL,NULL,NULL,1,1,29926,NULL
3JRCNHV0446,098,067,43900094,NULL,NULL,NULL,QAG,37,1,NULL,NULL,NULL,NULL,NULL,0,1,29926,NULL
3JRCNHV0446,098,092,43900122,NULL,NULL,NULL,QAG,37,1,NULL,NULL,NULL,NULL,NULL,0,1,29926,NULL
3JRCNHV0446,099,040,NULL,NULL,NULL,NULL,Q,37,1,NULL,NULL,NULL,NULL,NULL,1,1,29926,NULL
3JRCNHV0446,125,033,43900687,NULL,NULL,NULL,QAG,37,1,NULL,NULL,NULL,NULL,NULL,0,1,29926,NULL
3JRCNHV0447,002,066,NULL,NULL,NULL,NULL,Q,37,1,NULL,NULL,NULL,NULL,NULL,1,1,3005,NULL
3JRCNHV0447,097,040,NULL,NULL,NULL,NULL,Q,37,1,NULL,NULL,NULL,NULL,NULL,1,1,3005,NULL
3JRCNHV0447,098,067,43900094,NULL,NULL,NULL,QAG,37,1,NULL,NULL,NULL,NULL,NULL,0,1,3005,NULL
3JRCNHV0447,098,092,43900122,NULL,NULL,NULL,QAG,37,1,NULL,NULL,NULL,NULL,NULL,0,1,3005,NULL
3JRCNHV0447,099,040,NULL,NULL,NULL,NULL,Q,37,1,NULL,NULL,NULL,NULL,NULL,1,1,3005,NULL
3JRCNHV0447,125,033,43900687,NULL,NULL,NULL,QAG,37,1,NULL,NULL,NULL,NULL,NULL,0,1,3005,NULL
3JRCNHV0448,002,066,NULL,NULL,NULL,NULL,Q,37,1,NULL,NULL,NULL,NULL,NULL,1,1,1850,NULL
3JRCNHV0448,097,040,NULL,NULL,NULL,NULL,Q,37,1,NULL,NULL,NULL,NULL,NULL,1,1,1850,NULL
3JRCNHV0448,098,067,NULL,NULL,NULL,NULL,Q,37,1,NULL,NULL,NULL,NULL,NULL,1,0,1850,NULL
3JRCNHV0448,098,092,43900122,NULL,NULL,NULL,QAG,37,1,NULL,NULL,NULL,NULL,NULL,0,1,1850,NULL
3JRCNHV0448,099,040,43900094,NULL,NULL,NULL,QAG,37,1,NULL,NULL,NULL,NULL,NULL,0,1,1850,NULL
3JRCNHV0448,125,033,43900687,NULL,NULL,NULL,QAG,37,1,NULL,NULL,NULL,NULL,NULL,0,1,1850,NULL
3JRCNHV0449,002,066,NULL,NULL,NULL,NULL,Q,37,1,NULL,NULL,NULL,NULL,NULL,1,1,1851,NULL
3JRCNHV0449,097,040,NULL,NULL,NULL,NULL,Q,37,1,NULL,NULL,NULL,NULL,NULL,1,1,1851,NULL
3JRCNHV0449,098,067,43900094,NULL,NULL,NULL,QAG,37,1,NULL,NULL,NULL,NULL,NULL,0,1,1851,NULL
3JRCNHV0449,098,092,NULL,NULL,NULL,NULL,Q,37,1,NULL,NULL,NULL,NULL,NULL,1,0,1851,NULL
3JRCNHV0449,099,040,43900094,NULL,NULL,NULL,QAG,37,1,NULL,NULL,NULL,NULL,NULL,0,1,1851,NULL
3JRCNHV0449,125,033,43900687,NULL,NULL,NULL,QAG,37,1,NULL,NULL,NULL,NULL,NULL,0,1,1851,NULL
3JRCNHV0450,002,066,NULL,NULL,NULL,NULL,Q,37,1,NULL,NULL,NULL,NULL,NULL,1,1,1849,NULL
3JRCNHV0450,097,040,NULL,NULL,NULL,NULL,Q,37,1,NULL,NULL,NULL,NULL,NULL,1,1,1849,NULL
3JRCNHV0450,098,067,NULL,NULL,NULL,NULL,Q,37,1,NULL,NULL,NULL,NULL,NULL,1,0,1849,NULL
3JRCNHV0450,098,092,43900122,NULL,NULL,NULL,QAG,37,1,NULL,NULL,NULL,NULL,NULL,0,1,1849,NULL
3JRCNHV0450,099,040,43900094,NULL,NULL,NULL,QAG,37,1,NULL,NULL,NULL,NULL,NULL,0,1,1849,NULL
3JRCNHV0450,125,033,43900687,NULL,NULL,NULL,QAG,37,1,NULL,NULL,NULL,NULL,NULL,0,1,1849,NULL
3JRCNHV0451,002,066,NULL,NULL,NULL,NULL,Q,37,1,NULL,NULL,NULL,NULL,NULL,1,1,23452,NULL
3JRCNHV0451,097,040,NULL,NULL,NULL,NULL,Q,37,1,NULL,NULL,NULL,NULL,NULL,1,1,23452,NULL
3JRCNHV0451,098,067,43900094,NULL,NULL,NULL,QAG,37,1,NULL,NULL,NULL,NULL,NULL,0,1,23452,NULL
3JRCNHV0451,098,092,43900122,NULL,NULL,NULL,QAG,37,1,NULL,NULL,NULL,NULL,NULL,0,1,23452,NULL
3JRCNHV0451,098,107,NULL,NULL,NULL,NULL,Q,37,1,NULL,NULL,NULL,NULL,NULL,1,0,NULL,NULL
3JRCNHV0451,099,040,43900094,NULL,NULL,NULL,QAG,37,1,NULL,NULL,NULL,NULL,NULL,0,1,23452,NULL
3JRCNHV0451,125,033,43900687,NULL,NULL,NULL,QAG,37,1,NULL,NULL,NULL,NULL,NULL,0,1,23452,NULL
3JRCNHV0452,002,066,43900122,NULL,NULL,NULL,QAG,37,1,NULL,NULL,NULL,NULL,NULL,0,1,23454,NULL
3JRCNHV0452,097,040,NULL,NULL,NULL,NULL,Q,37,1,NULL,NULL,NULL,NULL,NULL,1,1,23454,NULL
3JRCNHV0452,098,067,43900094,NULL,NULL,NULL,QAG,37,1,NULL,NULL,NULL,NULL,NULL,0,1,23454,NULL
3JRCNHV0452,098,092,43900122,NULL,NULL,NULL,QAG,37,1,NULL,NULL,NULL,NULL,NULL,0,1,23454,NULL
3JRCNHV0452,099,040,NULL,NULL,NULL,NULL,Q,37,1,NULL,NULL,NULL,NULL,NULL,1,1,23454,NULL
3JRCNHV0452,125,033,43900687,NULL,NULL,NULL,QAG,37,1,NULL,NULL,NULL,NULL,NULL,0,1,23454,NULL
3JRCNHV0453,002,066,43900122,NULL,NULL,NULL,QAG,37,1,NULL,NULL,NULL,NULL,NULL,0,1,23457,NULL
3JRCNHV0453,097,040,43900122,NULL,NULL,NULL,QAG,37,1,NULL,NULL,NULL,NULL,NULL,0,1,23457,NULL
3JRCNHV0453,098,067,43900094,NULL,NULL,NULL,QAG,37,1,NULL,NULL,NULL,NULL,NULL,0,1,23457,NULL
3JRCNHV0453,098,092,43900122,NULL,NULL,NULL,QAG,37,1,NULL,NULL,NULL,NULL,NULL,0,1,23457,NULL
3JRCNHV0453,099,040,43900094,NULL,NULL,NULL,QAG,37,1,NULL,NULL,NULL,NULL,NULL,0,1,23457,NULL
3JRCNHV0453,125,033,43900687,NULL,NULL,NULL,QAG,37,1,NULL,NULL,NULL,NULL,NULL,0,1,23457,NULL
3JRDAUV0023,002,066,NULL,NULL,NULL,NULL,Q,37,1,NULL,NULL,NULL,NULL,NULL,1,1,8105,NULL
3JRDAUV0023,097,040,NULL,NULL,NULL,NULL,Q,37,1,NULL,NULL,NULL,NULL,NULL,1,1,8105,NULL
3JRDAUV0023,098,067,43900094,NULL,NULL,NULL,Q,37,1,NULL,NULL,NULL,NULL,NULL,0,1,8105,NULL
3JRDAUV0023,098,092,43900122,NULL,NULL,NULL,Q,37,1,NULL,NULL,NULL,NULL,NULL,0,1,8105,NULL
3JRDAUV0023,099,040,NULL,NULL,NULL,NULL,Q,37,1,NULL,NULL,NULL,NULL,NULL,1,1,8105,NULL
3JRDAUV0023,125,033,43900687,NULL,NULL,NULL,Q,37,1,NULL,NULL,NULL,NULL,NULL,0,1,8105,NULL
3JSFNM01A,165,191,NULL,NULL,NULL,NULL,Q,37,1,NULL,NULL,NULL,NULL,NULL,1,0,NULL,NULL
3JSGAUV0134,002,066,NULL,NULL,NULL,NULL,Q,37,1,NULL,NULL,NULL,NULL,NULL,1,1,12327,NULL
3JSGAUV0134,097,040,NULL,NULL,NULL,NULL,Q,37,1,NULL,NULL,NULL,NULL,NULL,1,1,12327,NULL
3JSGAUV0134,098,067,43900094,NULL,NULL,NULL,Q,37,1,NULL,NULL,NULL,NULL,NULL,0,1,12327,NULL
3JSGAUV0134,098,092,43900122,NULL,NULL,NULL,Q,37,1,NULL,NULL,NULL,NULL,NULL,0,1,12327,NULL
3JSGAUV0134,099,040,NULL,NULL,NULL,NULL,Q,37,1,NULL,NULL,NULL,NULL,NULL,1,1,12327,NULL
3JSGAUV0134,125,033,43900687,NULL,NULL,NULL,Q,37,1,NULL,NULL,NULL,NULL,NULL,0,1,12327,NULL
3JSGAUV0138,002,066,NULL,NULL,NULL,NULL,Q,37,1,NULL,NULL,NULL,NULL,NULL,1,1,12330,NULL
3JSGAUV0138,097,040,43900122,NULL,NULL,NULL,Q,37,1,NULL,NULL,NULL,NULL,NULL,0,1,12330,NULL
3JSGAUV0138,098,067,43900094,NULL,NULL,NULL,Q,37,1,NULL,NULL,NULL,NULL,NULL,0,1,12330,NULL
3JSGAUV0138,098,092,43900122,NULL,NULL,NULL,Q,37,1,NULL,NULL,NULL,NULL,NULL,0,1,12330,NULL
3JSGAUV0138,099,040,NULL,NULL,NULL,NULL,Q,37,1,NULL,NULL,NULL,NULL,NULL,1,1,12330,NULL
3JSGAUV0138,125,033,43900687,NULL,NULL,NULL,Q,37,1,NULL,NULL,NULL,NULL,NULL,0,1,12330,NULL
3JSGAUV0174,005,009,4390000842,28,GAL,F,Q,37,1,NULL,083066,NULL,NULL,NULL,1,1,3772,NULL
3JSGAUV0177,005,009,4390000842,28,GAL,F,Q,37,1,NULL,083067,NULL,NULL,NULL,1,1,7409,NULL
3JSGBUV0132,005,009,4390000842,28,GAL,F,Q,37,1,NULL,083068,NULL,NULL,NULL,1,1,7413,NULL
3JSGBUV0137,005,009,4390000842,28,GAL,F,Q,37,1,NULL,083069,NULL,NULL,NULL,1,1,5672,NULL
3JSGEHV0041,002,066,NULL,NULL,NULL,NULL,Q,37,1,NULL,NULL,NULL,NULL,NULL,1,1,24811,NULL
3JSGEHV0041,097,040,NULL,NULL,NULL,NULL,Q,37,1,NULL,NULL,NULL,NULL,NULL,1,1,24811,NULL
3JSGEHV0041,098,067,NULL,NULL,NULL,NULL,Q,37,1,NULL,NULL,NULL,NULL,NULL,1,0,24811,NULL
3JSGEHV0041,098,092,43900122,NULL,NULL,NULL,QAG,37,1,NULL,NULL,NULL,NULL,NULL,0,1,24811,NULL
3JSGEHV0041,099,040,43900094,NULL,NULL,NULL,QAG,37,1,NULL,NULL,NULL,NULL,NULL,0,1,24811,NULL
3JSGEHV0041,125,033,43900687,NULL,NULL,NULL,QAG,37,1,NULL,NULL,NULL,NULL,NULL,0,1,24811,NULL
3JSGEHV0042,002,066,NULL,NULL,NULL,NULL,QAG,37,1,NULL,NULL,NULL,NULL,NULL,1,1,24813,NULL
3JSGEHV0042,097,040,NULL,NULL,NULL,NULL,QAG,37,1,NULL,NULL,NULL,NULL,NULL,1,1,24813,NULL
3JSGEHV0042,098,067,43900094,NULL,NULL,NULL,QAG,37,1,NULL,NULL,NULL,NULL,NULL,0,1,24813,NULL
3JSGEHV0042,098,092,43900122,NULL,NULL,NULL,QAG,37,1,NULL,NULL,NULL,NULL,NULL,0,1,24813,NULL
3JSGEHV0042,099,040,NULL,NULL,NULL,NULL,QAG,37,1,NULL,NULL,NULL,NULL,NULL,1,1,24813,NULL
3JSGEHV0042,125,033,43900687,NULL,NULL,NULL,QAG,37,1,NULL,NULL,NULL,NULL,NULL,0,1,24813,NULL
3JSGEHV0043,002,066,NULL,NULL,NULL,NULL,QAG,37,1,NULL,NULL,NULL,NULL,NULL,1,1,24815,NULL
3JSGEHV0043,097,040,NULL,NULL,NULL,NULL,QAG,37,1,NULL,NULL,NULL,NULL,NULL,1,1,24815,NULL
3JSGEHV0043,098,067,43900094,NULL,NULL,NULL,QAG,37,1,NULL,NULL,NULL,NULL,NULL,0,1,24815,NULL
3JSGEHV0043,098,092,43900122,NULL,NULL,NULL,QAG,37,1,NULL,NULL,NULL,NULL,NULL,0,1,24815,NULL
3JSGEHV0043,099,040,NULL,NULL,NULL,NULL,QAG,37,1,NULL,NULL,NULL,NULL,NULL,1,1,24815,NULL
3JSGEHV0043,125,033,43900687,NULL,NULL,NULL,QAG,37,1,NULL,NULL,NULL,NULL,NULL,0,1,24815,NULL
3JSGEHV0044,002,066,NULL,NULL,NULL,NULL,QAG,37,1,NULL,NULL,NULL,NULL,NULL,1,1,24817,NULL
3JSGEHV0044,097,040,NULL,NULL,NULL,NULL,QAG,37,1,NULL,NULL,NULL,NULL,NULL,1,1,24817,NULL
3JSGEHV0044,098,067,43900094,NULL,NULL,NULL,QAG,37,1,NULL,NULL,NULL,NULL,NULL,0,1,24817,NULL
3JSGEHV0044,098,092,43900122,NULL,NULL,NULL,QAG,37,1,NULL,NULL,NULL,NULL,NULL,0,1,24817,NULL
3JSGEHV0044,099,040,NULL,NULL,NULL,NULL,QAG,37,1,NULL,NULL,NULL,NULL,NULL,1,1,24817,NULL
3JSGEHV0044,125,033,43900687,NULL,NULL,NULL,QAG,37,1,NULL,NULL,NULL,NULL,NULL,0,1,24817,NULL
3JSGEUV0170,005,009,4390000842,NULL,GAL,F,Q,37,1,NULL,083053,NULL,NULL,NULL,1,1,5673,NULL
3JSGEUV0171,005,009,4390000842,NULL,GAL,F,Q,37,1,NULL,083054,NULL,NULL,NULL,1,1,1839,NULL
3JSGEUV0180,005,009,4390000842,NULL,GAL,F,Q,37,1,NULL,083055,NULL,NULL,NULL,1,1,7665,NULL
3JSGEUV0181,005,009,4390000842,NULL,GAL,F,Q,37,1,NULL,083056,NULL,NULL,NULL,1,1,5674,NULL
3JSGNHV0005,097,040,NULL,NULL,NULL,NULL,NQR,37,1,NULL,NULL,NULL,NULL,NULL,0,1,9048,NULL
3JSGNHV0006,097,040,NULL,NULL,NULL,NULL,NQR,37,1,NULL,NULL,NULL,NULL,NULL,0,1,24654,NULL
3JSGNHV0046,002,066,43900122,NULL,NULL,NULL,NQR,37,1,NULL,NULL,NULL,NULL,NULL,0,1,29928,NULL
3JSGNHV0046,097,040,43900122,NULL,NULL,NULL,NQR,37,1,NULL,NULL,NULL,NULL,NULL,0,1,29928,NULL
3JSGNHV0046,098,067,43900094,NULL,NULL,NULL,NQR,37,1,NULL,NULL,NULL,NULL,NULL,0,1,29928,NULL
3JSGNHV0046,098,092,43900122,NULL,NULL,NULL,NQR,37,1,NULL,NULL,NULL,NULL,NULL,0,1,29928,NULL
3JSGNHV0046,099,040,43900094,NULL,NULL,NULL,NQR,37,1,NULL,NULL,NULL,NULL,NULL,0,1,29928,NULL
3JSGNHV0046,125,033,43900687,NULL,NULL,NULL,NQR,37,1,NULL,NULL,NULL,NULL,NULL,0,1,29928,NULL
3JSGNHV1142,097,040,NULL,NULL,NULL,NULL,NQR,37,1,NULL,NULL,NULL,NULL,NULL,0,1,5995,NULL
3JSGNHV1143,002,066,NULL,NULL,NULL,NULL,Q,37,1,NULL,NULL,NULL,NULL,NULL,1,1,5996,NULL
3JSGNHV1143,097,040,NULL,NULL,NULL,NULL,Q,37,1,NULL,NULL,NULL,NULL,NULL,1,1,5996,NULL
3JSGNHV1143,098,067,NULL,NULL,NULL,NULL,Q,37,1,NULL,NULL,NULL,NULL,NULL,1,0,5996,NULL
3JSGNHV1143,098,092,43900122,NULL,NULL,NULL,QAG,37,1,NULL,NULL,NULL,NULL,NULL,0,1,5996,NULL
3JSGNHV1143,099,040,43900094,NULL,NULL,NULL,QAG,37,1,NULL,NULL,NULL,NULL,NULL,0,1,5996,NULL
3JSGNHV1143,125,033,43900687,NULL,NULL,NULL,QAG,37,1,NULL,NULL,NULL,NULL,NULL,0,1,5996,NULL
3JSGNHV1144,097,040,NULL,NULL,NULL,NULL,NQR,37,1,NULL,NULL,NULL,NULL,NULL,1,1,5997,NULL
3JSGNHV1145,002,066,43900122,NULL,NULL,NULL,QAG,37,1,NULL,NULL,NULL,NULL,NULL,0,1,5998,NULL
3JSGNHV1145,097,040,NULL,NULL,NULL,NULL,Q,37,1,NULL,NULL,NULL,NULL,NULL,1,1,5998,NULL
3JSGNHV1145,098,067,43900094,NULL,NULL,NULL,QAG,37,1,NULL,NULL,NULL,NULL,NULL,0,1,5998,NULL
3JSGNHV1145,098,092,43900122,NULL,NULL,NULL,QAG,37,1,NULL,NULL,NULL,NULL,NULL,0,1,5998,NULL
3JSGNHV1145,099,040,43900094,NULL,NULL,NULL,QAG,37,1,NULL,NULL,NULL,NULL,NULL,0,1,5998,NULL
3JSGNHV1145,125,033,43900687,NULL,NULL,NULL,QAG,37,1,NULL,NULL,NULL,NULL,NULL,0,1,5998,NULL
3JSGNUV0031,097,040,NULL,NULL,NULL,NULL,NQR,37,1,NULL,NULL,NULL,NULL,NULL,0,1,48562,NULL
3JSGNUV0032,097,040,NULL,NULL,NULL,NULL,NQR,37,1,NULL,NULL,NULL,NULL,NULL,0,1,91319,NULL
3JSGNUV0033,097,040,NULL,NULL,NULL,NULL,NQR,37,1,NULL,NULL,NULL,NULL,NULL,0,1,91320,NULL
3JSGNUV0034,097,040,NULL,NULL,NULL,NULL,NQR,37,1,NULL,NULL,NULL,NULL,NULL,0,1,91321,NULL
3JSGNUV0035,097,040,NULL,NULL,NULL,NULL,NQR,37,1,NULL,NULL,NULL,NULL,NULL,1,1,30614,NULL
3JSGNUV0036,097,040,NULL,NULL,NULL,NULL,NQR,37,1,NULL,NULL,NULL,NULL,NULL,0,1,27815,NULL
3JSGNUV0037,097,040,NULL,NULL,NULL,NULL,NQR,37,1,NULL,NULL,NULL,NULL,NULL,0,1,5517,NULL
3JSGNUV0038,097,040,NULL,NULL,NULL,NULL,NQR,37,1,NULL,NULL,NULL,NULL,NULL,0,1,30615,NULL
3JSIAHV0306,002,066,43900122,NULL,NULL,NULL,Q,37,1,NULL,NULL,NULL,NULL,NULL,0,1,10848,NULL
3JSIAHV0306,097,040,NULL,NULL,NULL,NULL,Q,37,1,NULL,NULL,NULL,NULL,NULL,1,1,10848,NULL
3JSIAHV0306,098,067,43900094,NULL,NULL,NULL,Q,37,1,NULL,NULL,NULL,NULL,NULL,0,1,10848,NULL
3JSIAHV0306,098,092,43900122,NULL,NULL,NULL,Q,37,1,NULL,NULL,NULL,NULL,NULL,0,1,10848,NULL
3JSIAHV0306,099,040,43900094,NULL,NULL,NULL,Q,37,1,NULL,NULL,NULL,NULL,NULL,0,1,10848,NULL
3JSIAHV0306,125,033,43900687,NULL,NULL,NULL,Q,37,1,NULL,NULL,NULL,NULL,NULL,0,1,10848,NULL
3JSIAHV0604,002,066,4390000122,NULL,NULL,NULL,Q,37,1,NULL,NULL,NULL,NULL,NULL,1,1,10849,NULL
3JSIAHV0604,097,040,4390000122,NULL,NULL,NULL,Q,37,1,NULL,NULL,NULL,NULL,NULL,1,1,10849,NULL
3JSIAHV0604,098,067,43900094,NULL,NULL,NULL,Q,37,1,NULL,NULL,NULL,NULL,NULL,0,1,10849,NULL
3JSIAHV0604,098,092,43900122,NULL,NULL,NULL,Q,37,1,NULL,NULL,NULL,NULL,NULL,0,1,10849,NULL
3JSIAHV0604,099,040,4390000094,NULL,NULL,NULL,Q,37,1,NULL,NULL,NULL,NULL,NULL,1,1,10849,NULL
3JSIAHV0604,125,033,43900687,NULL,NULL,NULL,Q,37,1,NULL,NULL,NULL,NULL,NULL,0,1,10849,NULL
3JSIAHV0657,002,066,43900122,NULL,NULL,NULL,Q,37,1,NULL,NULL,NULL,NULL,NULL,0,1,5984,NULL
3JSIAHV0657,097,040,NULL,NULL,NULL,NULL,Q,37,1,NULL,NULL,NULL,NULL,NULL,1,1,5984,NULL
3JSIAHV0657,098,067,43900094,NULL,NULL,NULL,Q,37,1,NULL,NULL,NULL,NULL,NULL,0,1,5984,NULL
3JSIAHV0657,098,092,43900122,NULL,NULL,NULL,Q,37,1,NULL,NULL,NULL,NULL,NULL,0,1,5984,NULL
3JSIAHV0657,099,040,43900094,NULL,NULL,NULL,Q,37,1,NULL,NULL,NULL,NULL,NULL,0,1,5984,NULL
3JSIAHV0657,103,089,43900122,NULL,NULL,NULL,Q,37,1,NULL,NULL,NULL,NULL,NULL,0,1,5984,NULL
3JSIAHV0657,125,033,43900687,NULL,NULL,NULL,Q,37,1,NULL,NULL,NULL,NULL,NULL,0,1,5984,NULL
3JSIAHV0678,002,066,43900122,NULL,NULL,NULL,Q,37,1,NULL,NULL,NULL,NULL,NULL,0,1,29936,NULL
3JSIAHV0678,097,040,NULL,NULL,NULL,NULL,Q,37,1,NULL,NULL,NULL,NULL,NULL,1,1,29936,NULL
3JSIAHV0678,098,067,43900094,NULL,NULL,NULL,Q,37,1,NULL,NULL,NULL,NULL,NULL,0,1,29936,NULL
3JSIAHV0678,098,092,43900122,NULL,NULL,NULL,Q,37,1,NULL,NULL,NULL,NULL,NULL,0,1,29936,NULL
3JSIAHV0678,099,040,43900094,NULL,NULL,NULL,Q,37,1,NULL,NULL,NULL,NULL,NULL,0,1,29936,NULL
3JSIAHV0678,103,089,43900122,NULL,NULL,NULL,Q,37,1,NULL,NULL,NULL,NULL,NULL,0,1,29936,NULL
3JSIAHV0678,125,033,43900687,NULL,NULL,NULL,Q,37,1,NULL,NULL,NULL,NULL,NULL,0,1,29936,NULL
3JSIAHV0683,002,066,43900122,NULL,NULL,NULL,Q,37,1,NULL,NULL,NULL,NULL,NULL,0,1,3281,"	To replace grease, W/O 2707801 HAS BEEN GENERATED FOR THIS WORK. (060804)	"
3JSIAHV0683,097,040,NULL,NULL,NULL,NULL,Q,37,1,NULL,NULL,NULL,NULL,NULL,1,1,3281,NULL
3JSIAHV0683,098,067,43900094,NULL,NULL,NULL,Q,37,1,NULL,NULL,NULL,NULL,NULL,0,1,3281,NULL
3JSIAHV0683,098,092,43900122,NULL,NULL,NULL,Q,37,1,NULL,NULL,NULL,NULL,NULL,0,1,3281,NULL
3JSIAHV0683,099,040,43900094,NULL,NULL,NULL,Q,37,1,NULL,NULL,NULL,NULL,NULL,0,1,3281,NULL
3JSIAHV0683,125,033,43900687,NULL,NULL,NULL,Q,37,1,NULL,NULL,NULL,NULL,NULL,0,1,3281,NULL
3JSIAHV0684,002,066,43900122,NULL,NULL,NULL,Q,37,1,NULL,NULL,NULL,NULL,NULL,0,1,21963,NULL
3JSIAHV0684,097,040,NULL,NULL,NULL,NULL,Q,37,1,NULL,NULL,NULL,NULL,NULL,1,1,21963,NULL
3JSIAHV0684,098,067,43900094,NULL,NULL,NULL,Q,37,1,NULL,NULL,NULL,NULL,NULL,0,1,21963,NULL
3JSIAHV0684,098,092,43900122,NULL,NULL,NULL,Q,37,1,NULL,NULL,NULL,NULL,NULL,0,1,21963,NULL
3JSIAHV0684,099,040,43900094,NULL,NULL,NULL,Q,37,1,NULL,NULL,NULL,NULL,NULL,0,1,21963,NULL
3JSIAHV0684,125,033,43900687,NULL,NULL,NULL,Q,37,1,NULL,NULL,NULL,NULL,NULL,0,1,21963,NULL
3JSIAHV0685,002,066,NULL,NULL,NULL,NULL,Q,37,1,NULL,NULL,NULL,NULL,NULL,1,1,3279,NULL
3JSIAHV0685,097,040,NULL,NULL,NULL,NULL,Q,37,1,NULL,NULL,NULL,NULL,NULL,1,1,3279,NULL
3JSIAHV0685,098,067,43900094,NULL,NULL,NULL,Q,37,1,NULL,NULL,NULL,NULL,NULL,0,1,3279,NULL
3JSIAHV0685,098,092,43900122,NULL,NULL,NULL,Q,37,1,NULL,NULL,NULL,NULL,NULL,0,1,3279,NULL
3JSIAHV0685,099,040,NULL,NULL,NULL,NULL,Q,37,1,NULL,NULL,NULL,NULL,NULL,1,1,3279,NULL
3JSIAHV0685,125,033,43900687,NULL,NULL,NULL,Q,37,1,NULL,NULL,NULL,NULL,NULL,0,1,3279,NULL
3JSIAHV0686,002,066,43900122,NULL,NULL,NULL,Q,37,1,NULL,NULL,NULL,NULL,NULL,0,1,3280,NULL
3JSIAHV0686,097,040,NULL,NULL,NULL,NULL,Q,37,1,NULL,NULL,NULL,NULL,NULL,1,1,3280,NULL
3JSIAHV0686,098,067,43900094,NULL,NULL,NULL,Q,37,1,NULL,NULL,NULL,NULL,NULL,0,1,3280,NULL
3JSIAHV0686,098,092,43900122,NULL,NULL,NULL,Q,37,1,NULL,NULL,NULL,NULL,NULL,0,1,3280,NULL
3JSIAHV0686,099,040,43900094,NULL,NULL,NULL,Q,37,1,NULL,NULL,NULL,NULL,NULL,0,1,3280,NULL
3JSIAHV0686,125,033,43900687,NULL,NULL,NULL,Q,37,1,NULL,NULL,NULL,NULL,NULL,0,1,3280,NULL
3JSIAHV0687,002,066,43900122,NULL,NULL,NULL,Q,37,1,NULL,NULL,NULL,NULL,NULL,0,1,29937,NULL
3JSIAHV0687,097,040,NULL,NULL,NULL,NULL,Q,37,1,NULL,NULL,NULL,NULL,NULL,1,1,29937,NULL
3JSIAHV0687,098,067,43900094,NULL,NULL,NULL,Q,37,1,NULL,NULL,NULL,NULL,NULL,0,1,29937,NULL
3JSIAHV0687,098,092,43900122,NULL,NULL,NULL,Q,37,1,NULL,NULL,NULL,NULL,NULL,0,1,29937,NULL
3JSIAHV0687,099,040,43900094,NULL,NULL,NULL,Q,37,1,NULL,NULL,NULL,NULL,NULL,0,1,29937,NULL
3JSIAHV0687,125,033,43900687,NULL,NULL,NULL,Q,37,1,NULL,NULL,NULL,NULL,NULL,0,1,29937,NULL
3JSIAHV0688,002,066,43900122,NULL,NULL,NULL,Q,37,1,NULL,NULL,NULL,NULL,NULL,0,1,3282,NULL
3JSIAHV0688,097,040,NULL,NULL,NULL,NULL,Q,37,1,NULL,NULL,NULL,NULL,NULL,1,1,3282,NULL
3JSIAHV0688,098,067,43900094,NULL,NULL,NULL,Q,37,1,NULL,NULL,NULL,NULL,NULL,0,1,3282,NULL
3JSIAHV0688,098,092,43900122,NULL,NULL,NULL,Q,37,1,NULL,NULL,NULL,NULL,NULL,0,1,3282,NULL
3JSIAHV0688,099,040,43900094,NULL,NULL,NULL,Q,37,1,NULL,NULL,NULL,NULL,NULL,0,1,3282,NULL
3JSIAHV0688,125,033,43900687,NULL,NULL,NULL,Q,37,1,NULL,NULL,NULL,NULL,NULL,0,1,3282,NULL
3JSIAHV0691,002,066,43900122,NULL,NULL,NULL,Q,37,1,NULL,NULL,NULL,NULL,NULL,0,1,29883,NULL
3JSIAHV0691,097,040,43900122,NULL,NULL,NULL,Q,37,1,NULL,NULL,NULL,NULL,NULL,0,1,29883,NULL
3JSIAHV0691,098,067,43900094,NULL,NULL,NULL,Q,37,1,NULL,NULL,NULL,NULL,NULL,0,1,29883,NULL
3JSIAHV0691,098,092,43900122,NULL,NULL,NULL,Q,37,1,NULL,NULL,NULL,NULL,NULL,0,1,29883,NULL
3JSIAHV0691,099,040,43900094,NULL,NULL,NULL,Q,37,1,NULL,NULL,NULL,NULL,NULL,0,1,29883,NULL
3JSIAHV0691,125,033,43900687,NULL,NULL,NULL,Q,37,1,NULL,NULL,NULL,NULL,NULL,0,1,29883,NULL
3JSIAHV0698,002,066,4390000122,NULL,NULL,NULL,Q,37,1,NULL,NULL,NULL,NULL,NULL,1,1,24875,NULL
3JSIAHV0698,097,040,4390000122,NULL,NULL,NULL,Q,37,1,NULL,NULL,NULL,NULL,NULL,1,1,24875,NULL
3JSIAHV0698,098,067,43900094,NULL,NULL,NULL,Q,37,1,NULL,NULL,NULL,NULL,NULL,0,1,24875,NULL
3JSIAHV0698,098,092,43900122,NULL,NULL,NULL,Q,37,1,NULL,NULL,NULL,NULL,NULL,0,1,24875,NULL
3JSIAHV0698,099,040,4390000094,NULL,NULL,NULL,Q,37,1,NULL,NULL,NULL,NULL,NULL,1,1,24875,NULL
3JSIAHV0698,125,033,43900687,NULL,NULL,NULL,Q,37,1,NULL,NULL,NULL,NULL,NULL,0,1,24875,NULL
3JSIAUV0617,002,066,NULL,NULL,NULL,NULL,Q,37,1,NULL,NULL,NULL,NULL,NULL,0,1,NULL,NULL
3JSIAUV0617,024,016,43900122,NULL,NULL,NULL,Q,37,1,NULL,NULL,NULL,NULL,NULL,0,1,7071,NULL
3JSIAUV0617,097,040,NULL,NULL,NULL,NULL,Q,37,1,NULL,NULL,NULL,NULL,NULL,1,1,7071,NULL
3JSIAUV0617,099,040,43900477,NULL,NULL,NULL,Q,37,1,NULL,NULL,NULL,NULL,NULL,0,1,7071,NULL
3JSIAUV0617,125,033,43900687,NULL,NULL,NULL,Q,37,1,NULL,NULL,NULL,NULL,NULL,0,1,7071,NULL
3JSIAUV0627,002,066,NULL,NULL,NULL,NULL,Q,37,1,NULL,NULL,NULL,NULL,NULL,0,1,NULL,NULL
3JSIAUV0627,024,016,43900122,NULL,NULL,NULL,Q,37,1,NULL,NULL,NULL,NULL,NULL,0,1,4385,NULL
3JSIAUV0627,097,040,NULL,NULL,NULL,NULL,Q,37,1,NULL,NULL,NULL,NULL,NULL,1,1,4385,NULL
3JSIAUV0627,099,040,43900477,NULL,NULL,NULL,Q,37,1,NULL,NULL,NULL,NULL,NULL,0,1,4385,NULL
3JSIAUV0627,125,033,43900687,NULL,NULL,NULL,Q,37,1,NULL,NULL,NULL,NULL,NULL,0,1,4385,NULL
3JSIAUV0634,002,066,43900122,NULL,NULL,NULL,Q,37,1,NULL,NULL,NULL,NULL,NULL,0,1,11836,NULL
3JSIAUV0634,097,040,NULL,NULL,NULL,NULL,Q,37,1,NULL,NULL,NULL,NULL,NULL,1,1,11836,NULL
3JSIAUV0634,098,067,43900094,NULL,NULL,NULL,Q,37,1,NULL,NULL,NULL,NULL,NULL,0,1,11836,NULL
3JSIAUV0634,098,092,43900122,NULL,NULL,NULL,Q,37,1,NULL,NULL,NULL,NULL,NULL,0,1,11836,NULL
3JSIAUV0634,099,040,43900094,NULL,NULL,NULL,Q,37,1,NULL,NULL,NULL,NULL,NULL,0,1,11836,NULL
3JSIAUV0634,125,033,43900687,NULL,NULL,NULL,Q,37,1,NULL,NULL,NULL,NULL,NULL,0,1,11836,NULL
3JSIAUV0635,002,066,43900122,NULL,NULL,NULL,Q,37,1,NULL,NULL,NULL,NULL,NULL,0,1,3273,NULL
3JSIAUV0635,097,040,43900122,NULL,NULL,NULL,Q,37,1,NULL,NULL,NULL,NULL,NULL,0,1,3273,NULL
3JSIAUV0635,098,067,43900094,NULL,NULL,NULL,Q,37,1,NULL,NULL,NULL,NULL,NULL,0,1,3273,NULL
3JSIAUV0635,098,092,43900122,NULL,NULL,NULL,Q,37,1,NULL,NULL,NULL,NULL,NULL,0,1,3273,NULL
3JSIAUV0635,099,040,43900094,NULL,NULL,NULL,Q,37,1,NULL,NULL,NULL,NULL,NULL,0,1,3273,NULL
3JSIAUV0635,125,033,43900687,NULL,NULL,NULL,Q,37,1,NULL,NULL,NULL,NULL,NULL,0,1,3273,NULL
3JSIAUV0637,002,066,NULL,NULL,NULL,NULL,Q,37,1,NULL,NULL,NULL,NULL,NULL,0,1,NULL,NULL
3JSIAUV0637,024,016,43900122,NULL,NULL,NULL,Q,37,1,NULL,NULL,NULL,NULL,NULL,0,1,4386,NULL
3JSIAUV0637,097,040,NULL,NULL,NULL,NULL,Q,37,1,NULL,NULL,NULL,NULL,NULL,1,1,4386,NULL
3JSIAUV0637,099,040,43900477,NULL,NULL,NULL,Q,37,1,NULL,NULL,NULL,NULL,NULL,0,1,4386,NULL
3JSIAUV0637,125,033,43900687,NULL,NULL,NULL,Q,37,1,NULL,NULL,NULL,NULL,NULL,0,1,4386,NULL
3JSIAUV0644,002,066,43900122,NULL,NULL,NULL,Q,37,1,NULL,NULL,NULL,NULL,NULL,0,1,11837,NULL
3JSIAUV0644,097,040,NULL,NULL,NULL,NULL,Q,37,1,NULL,NULL,NULL,NULL,NULL,1,1,11837,NULL
3JSIAUV0644,098,067,43900094,NULL,NULL,NULL,Q,37,1,NULL,NULL,NULL,NULL,NULL,0,1,11837,NULL
3JSIAUV0644,098,092,43900122,NULL,NULL,NULL,Q,37,1,NULL,NULL,NULL,NULL,NULL,0,1,11837,NULL
3JSIAUV0644,099,040,43900094,NULL,NULL,NULL,Q,37,1,NULL,NULL,NULL,NULL,NULL,0,1,11837,NULL
3JSIAUV0644,125,033,43900687,NULL,NULL,NULL,Q,37,1,NULL,NULL,NULL,NULL,NULL,0,1,11837,NULL
3JSIAUV0645,002,066,43900122,NULL,NULL,NULL,Q,37,1,NULL,NULL,NULL,NULL,NULL,0,1,3274,NULL
3JSIAUV0645,097,040,43900122,NULL,NULL,NULL,Q,37,1,NULL,NULL,NULL,NULL,NULL,0,1,3274,NULL
3JSIAUV0645,098,067,43900094,NULL,NULL,NULL,Q,37,1,NULL,NULL,NULL,NULL,NULL,0,1,3274,NULL
3JSIAUV0645,098,092,43900122,NULL,NULL,NULL,Q,37,1,NULL,NULL,NULL,NULL,NULL,0,1,3274,NULL
3JSIAUV0645,099,040,43900094,NULL,NULL,NULL,Q,37,1,NULL,NULL,NULL,NULL,NULL,0,1,3274,NULL
3JSIAUV0645,125,033,43900687,NULL,NULL,NULL,Q,37,1,NULL,NULL,NULL,NULL,NULL,0,1,3274,NULL
3JSIAUV0647,002,066,NULL,NULL,NULL,NULL,Q,37,1,NULL,NULL,NULL,NULL,NULL,0,1,NULL,NULL
3JSIAUV0647,024,016,43900122,NULL,NULL,NULL,Q,37,1,NULL,NULL,NULL,NULL,NULL,0,1,4387,NULL
3JSIAUV0647,097,040,NULL,NULL,NULL,NULL,Q,37,1,NULL,NULL,NULL,NULL,NULL,1,1,4387,NULL
3JSIAUV0647,099,040,43900477,NULL,NULL,NULL,Q,37,1,NULL,NULL,NULL,NULL,NULL,0,1,4387,NULL
3JSIAUV0647,125,033,43900687,NULL,NULL,NULL,Q,37,1,NULL,NULL,NULL,NULL,NULL,0,1,4387,NULL
3JSIAUV0651,002,066,43900122,NULL,NULL,NULL,Q,37,1,NULL,NULL,NULL,NULL,NULL,0,1,3277,NULL
3JSIAUV0651,097,040,NULL,NULL,NULL,NULL,Q,37,1,NULL,NULL,NULL,NULL,NULL,1,1,3277,NULL
3JSIAUV0651,098,067,43900094,NULL,NULL,NULL,Q,37,1,NULL,NULL,NULL,NULL,NULL,0,1,3277,NULL
3JSIAUV0651,098,092,43900122,NULL,NULL,NULL,Q,37,1,NULL,NULL,NULL,NULL,NULL,0,1,3277,NULL
3JSIAUV0651,099,040,43900094,NULL,NULL,NULL,Q,37,1,NULL,NULL,NULL,NULL,NULL,0,1,3277,NULL
3JSIAUV0651,125,033,43900687,NULL,NULL,NULL,Q,37,1,NULL,NULL,NULL,NULL,NULL,0,1,3277,NULL
3JSIAUV0655,002,066,43900122,NULL,NULL,NULL,Q,37,1,NULL,NULL,NULL,NULL,NULL,0,1,3276,NULL
3JSIAUV0655,097,040,43900122,NULL,NULL,NULL,Q,37,1,NULL,NULL,NULL,NULL,NULL,0,1,3276,NULL
3JSIAUV0655,098,067,43900094,NULL,NULL,NULL,Q,37,1,NULL,NULL,NULL,NULL,NULL,0,1,3276,NULL
3JSIAUV0655,098,092,43900122,NULL,NULL,NULL,Q,37,1,NULL,NULL,NULL,NULL,NULL,0,1,3276,NULL
3JSIAUV0655,099,040,43900094,NULL,NULL,NULL,Q,37,1,NULL,NULL,NULL,NULL,NULL,0,1,3276,NULL
3JSIAUV0655,125,033,43900687,NULL,NULL,NULL,Q,37,1,NULL,NULL,NULL,NULL,NULL,0,1,3276,NULL
3JSIAUV0664,002,066,NULL,NULL,NULL,NULL,Q,37,1,NULL,NULL,NULL,NULL,NULL,0,1,NULL,NULL
3JSIAUV0664,024,016,43900122,NULL,NULL,NULL,Q,37,1,NULL,NULL,NULL,NULL,NULL,0,1,4388,NULL
3JSIAUV0664,097,040,NULL,NULL,NULL,NULL,Q,37,1,NULL,NULL,NULL,NULL,NULL,1,1,4388,NULL
